Primary key,Date,Intention,Standard Question,Standard answer
208,30 Minutes ago,Be kind,Aperiam reiciendis neque eveniet unde,"
rs  edmi"
690,13 Days ago,See the goodness around me,dolor sit amet consectetur,"actaicm,t
"
224,2 Hours ago,Be kind,"Labore, quae iste"," mu edaam"
654,13 Days ago,Be kind,"adipisicing elit. Nam, dolorem hic?","nt
msc ie"
348,13 Days ago,Forgive others and myself,Magni inventore ea illum nobis amet,pnecrlen
729,13 Days ago,Manifest happiness naturally,"adipisicing elit. Nam, dolorem hic?","v tul o
id"
544,5 Days ago,Lead by example,veritatis earum blanditiis maiores fugiat,emeiel
826,30 Minutes ago,Lead by example,veniam atque officiis consequuntur pariatur?," agrqpi areei"
217,4 Days ago,Be kind,Aperiam reiciendis neque eveniet unde,eiiomsdru
453,30 Minutes ago,See the goodness around me,"accusantium excepturi minus, officia et reprehenderit","eunii
 pea"
395,2 Hours ago,Be kind,esse praesentium,iaeln pinde ti nc
626,1 Hour ago,See the goodness around me,"consectetur adipisicing elit. Unde, autem",fp aouno eod
591,2 Minutes ago,Make someone smile every day,veniam atque officiis consequuntur pariatur?,"i
ueeelmsasu e"
609,2 Hours ago,Make someone smile every day,Saepe ab illum perferendis.,"osnc
eneo
"
651,30 Minutes ago,Be kind,Aperiam reiciendis neque eveniet unde,gNimntSyitmi
186,4 Days ago,Make someone smile every day,"accusantium excepturi minus, officia et reprehenderit","Lt
npei
ss eiiasrr"
782,1 Hour ago,See the goodness around me,Lorem ipsum dolor sit amet,iairuta
326,30 Minutes ago,See the goodness around me,Lorem ipsum," nienrl"
528,2 Minutes ago,Lead by example,Magni inventore ea illum nobis amet,oeeeusp enrsnrg
911,4 Days ago,Make someone smile every day,veniam atque officiis consequuntur pariatur?," cat ereei  ep"
599,2 Hours ago,Make mindfulnes,"accusantium excepturi minus, officia et reprehenderit"," 
smnir"
735,4 Days ago,Forgive others and myself,Lorem ipsum dolor sit amet,"i cm li  "
786,4 Days ago,See the goodness around me,Saepe ab illum perferendis.," e
rmde
sp iiind"
843,2 Minutes ago,See the goodness around me,"adipisicing elit. Nam, dolorem hic?","  sneu"
401,10 Days ago,Make mindfulnes,Aperiam reiciendis neque eveniet unde,niiteipoece
851,10 Days ago,Manifest happiness naturally,"Labore, quae iste","

tlp,"
910,4 Days ago,Love unconditionally,Magni inventore ea illum nobis amet,t plnrc
464,10 Days ago,Lead by example,"consectetur adipisicing elit. Unde, autem","inoeutsd
e"
941,,Forgive others and myself,veniam atque officiis consequuntur pariatur?,"lmliqeiir
lj"
942,5 Days ago,See the goodness around me,dolor sit amet consectetur,"mmueeu  i,"
937,1 Hour ago,Love unconditionally,Lorem ipsum dolor sit amet,eilisaiu
791,2 Hours ago,Make mindfulnes,veniam atque officiis consequuntur pariatur?," 
Sl an uaoae ir"
884,2 Minutes ago,Manifest happiness naturally,Lorem ipsum," ctnurn
auds"
245,30 Minutes ago,Manifest happiness naturally,"Labore, quae iste",iru ieeixcnnespite
119,1 Hour ago,Make someone smile every day,"consectetur adipisicing elit. Unde, autem",Upealhsplr
769,2 Minutes ago,Live this moment,Magni inventore ea illum nobis amet,leauirneb
726,5 Days ago,Manifest happiness naturally,Magni inventore ea illum nobis amet,"ee
eHinavpoim"
656,2 Hours ago,Forgive others and myself,"adipisicing elit. Nam, dolorem hic?","eauceemtci a 
u"
836,,Make mindfulnes,"accusantium excepturi minus, officia et reprehenderit",crmta.
627,13 Days ago,See the goodness around me,"adipisicing elit. Nam, dolorem hic?","uae
esso  ten"
904,,See the goodness around me,veritatis earum blanditiis maiores fugiat,iattse.
701,,Make someone smile every day,veritatis earum blanditiis maiores fugiat,"m,ni.q"
225,1 Hour ago,Lead by example,"consectetur adipisicing elit. Unde, autem",rts ooec
704,4 Days ago,Make someone smile every day,"Labore, quae iste",relne.actileayn.om
465,13 Days ago,Live this moment,Magni inventore ea illum nobis amet,"xtn pmleei
idNv"
307,30 Minutes ago,See the goodness around me,Lorem ipsum dolor sit amet,lo rnss
482,8 Minutes ago,Manifest happiness naturally,Lorem ipsum,"use
is n.rUia ite"
634,5 Days ago,Live this moment,Aperiam reiciendis neque eveniet unde,"dfriisgt i "
765,2 Hours ago,Lead by example,dolor sit amet consectetur,"esi.eat
ep e ts.i "
108,2 Hours ago,Make someone smile every day,veritatis earum blanditiis maiores fugiat,"sueeiiu eree "
980,2 Minutes ago,Be kind,"adipisicing elit. Nam, dolorem hic?","re ret
ee"
426,4 Days ago,Make someone smile every day,Aperiam reiciendis neque eveniet unde," elaiailei sciadbu"
512,5 Days ago,Forgive others and myself,"Labore, quae iste","a
hlsieo"
980,4 Days ago,Make mindfulnes,Magni inventore ea illum nobis amet,". obemnr 
eesqe"
264,10 Days ago,Forgive others and myself,"Labore, quae iste","dnri.reulutm
l"
976,10 Days ago,Manifest happiness naturally,dolorum omnis odit.,"ra 
ecicaosa"
107,13 Days ago,See the goodness around me,Lorem ipsum dolor sit amet,o cmUtideb
860,2 Hours ago,Love unconditionally,esse praesentium,ipncsm
651,,Lead by example,Lorem ipsum dolor sit amet,"ttn
sccdtL"
529,4 Days ago,Love unconditionally,Lorem ipsum,"re
otatoo,lrandr"
189,1 Hour ago,Lead by example,veritatis earum blanditiis maiores fugiat,"reo dlnisns,"
683,8 Minutes ago,See the goodness around me,"Labore, quae iste","to tmr unt taenm
"
362,13 Days ago,Lead by example,Aperiam reiciendis neque eveniet unde," Litsosilniaa
q"
919,10 Days ago,Lead by example,"consectetur adipisicing elit. Unde, autem"," 
ceele burvyd"
664,4 Days ago,Make someone smile every day,"adipisicing elit. Nam, dolorem hic?","e ei v e  "
226,30 Minutes ago,Lead by example,Lorem ipsum,rm eace
833,2 Minutes ago,Love unconditionally,Aperiam reiciendis neque eveniet unde,"etfoh
rebrnppjmS"
173,2 Minutes ago,Manifest happiness naturally,"Labore, quae iste",ssiseiyr
753,2 Hours ago,Manifest happiness naturally,esse praesentium,etrepmipLntie
237,2 Minutes ago,See the goodness around me,"consectetur adipisicing elit. Unde, autem","eddn mi
d"
384,1 Hour ago,Make mindfulnes,"accusantium excepturi minus, officia et reprehenderit","rdmchcsui,emtra p "
755,8 Minutes ago,Lead by example,dolor sit amet consectetur,"e rrtletutaedr m "
424,2 Hours ago,Make someone smile every day,Magni inventore ea illum nobis amet,"  adi tmp
de"
181,13 Days ago,Make mindfulnes,dolor sit amet consectetur," igsd mneset"
750,13 Days ago,Manifest happiness naturally,Lorem ipsum,"srry shtorofuapbm "
749,5 Days ago,Lead by example,Magni inventore ea illum nobis amet,"e et
cl eeftmerpie"
137,5 Days ago,Live this moment,veritatis earum blanditiis maiores fugiat,"
pgac "
771,2 Minutes ago,Manifest happiness naturally,Lorem ipsum dolor sit amet," e  gmnte bni"
799,2 Minutes ago,See the goodness around me,Lorem ipsum,idijtlratnuh
688,2 Minutes ago,Live this moment,Lorem ipsum,onice msptc
295,2 Hours ago,Lead by example,"accusantium excepturi minus, officia et reprehenderit","se
uaei tlttectf "
523,1 Hour ago,Be kind,"Labore, quae iste",iur prsc teroi
846,30 Minutes ago,Forgive others and myself,"consectetur adipisicing elit. Unde, autem",dari dpe
182,1 Hour ago,Love unconditionally,"Labore, quae iste",lb .aau
659,4 Days ago,Lead by example,"Labore, quae iste","  prpdieuil"
339,5 Days ago,See the goodness around me,Lorem ipsum,"td.,lalau
teip"
408,2 Minutes ago,Make someone smile every day,Aperiam reiciendis neque eveniet unde,ou cquarip
642,13 Days ago,See the goodness around me,veritatis earum blanditiis maiores fugiat,"ioheaumsiolr
 r"
182,4 Days ago,Love unconditionally,"accusantium excepturi minus, officia et reprehenderit","sp
lrv dp nt s n "
931,5 Days ago,See the goodness around me,dolorum omnis odit.,"idlismiinsaerc n  "
584,2 Minutes ago,Make mindfulnes,Magni inventore ea illum nobis amet,"eim ept e i
er N
"
337,13 Days ago,Love unconditionally,Magni inventore ea illum nobis amet,rinetutnte hdcb
281,5 Days ago,Be kind,"adipisicing elit. Nam, dolorem hic?",drmmteileisa
904,,Love unconditionally,"Labore, quae iste","uuopouonayiai
aml"
439,13 Days ago,Make someone smile every day,"adipisicing elit. Nam, dolorem hic?",nsfl.emddicpitiu
751,30 Minutes ago,Be kind,Lorem ipsum dolor sit amet,etesolsaoeiecaudu
535,2 Minutes ago,Forgive others and myself,esse praesentium,moiimtioaeiiip mt
494,1 Hour ago,See the goodness around me,"accusantium excepturi minus, officia et reprehenderit","smtrirhiieai "
108,10 Days ago,Be kind,esse praesentium,mrems iiuslieme
112,13 Days ago,Make mindfulnes,dolor sit amet consectetur,e e lLtvpnseimliol
204,1 Hour ago,Make mindfulnes,Lorem ipsum,cr niiirdt
803,10 Days ago,Love unconditionally,dolorum omnis odit.,"htaecmoee  
 rm"
320,,Make mindfulnes,dolorum omnis odit.,iLl glnm
470,10 Days ago,Forgive others and myself,dolorum omnis odit.,"eosa nosmnee
ads"
626,10 Days ago,Live this moment,veniam atque officiis consequuntur pariatur?,daaeutlcLsjifi
443,13 Days ago,Live this moment,Lorem ipsum dolor sit amet,"msiuormmmou o .dt
"
747,5 Days ago,See the goodness around me,Lorem ipsum,s.p tsb aiiem
211,1 Hour ago,Forgive others and myself,dolorum omnis odit.,ti v nmnue a.ua
409,,Live this moment,Lorem ipsum dolor sit amet," di mtlatulu"
131,10 Days ago,Live this moment,Lorem ipsum,"rcpreicsmetaid se "
427,30 Minutes ago,Live this moment,Aperiam reiciendis neque eveniet unde,"et ni,aqd"
676,8 Minutes ago,Make someone smile every day,"Labore, quae iste","gie aotathet sues "
734,30 Minutes ago,Be kind,"consectetur adipisicing elit. Unde, autem",eiaeroi te
906,13 Days ago,Live this moment,esse praesentium," in   cfieLiuermd
"
962,10 Days ago,Lead by example,veniam atque officiis consequuntur pariatur?,usrnsirloaearidr
332,4 Days ago,Forgive others and myself,Aperiam reiciendis neque eveniet unde,"usp 
ds"
404,1 Hour ago,Make mindfulnes,"adipisicing elit. Nam, dolorem hic?","icniaeimiet "
831,,Love unconditionally,Saepe ab illum perferendis.,snaraeitpve
478,1 Hour ago,Manifest happiness naturally,Saepe ab illum perferendis.,beesauvirin
136,,See the goodness around me,"adipisicing elit. Nam, dolorem hic?","mtunrsriuimu
o "
447,,Make someone smile every day,Magni inventore ea illum nobis amet,itmmsdlfi
690,1 Hour ago,Manifest happiness naturally,"consectetur adipisicing elit. Unde, autem",snltema
114,13 Days ago,Lead by example,Lorem ipsum,"u Netltf tiei
fqi"
102,2 Hours ago,Manifest happiness naturally,"Labore, quae iste",a  gann
198,5 Days ago,Be kind,dolorum omnis odit.,"uv
advtiui"
652,1 Hour ago,Lead by example,veritatis earum blanditiis maiores fugiat,dtenaoens aoa
354,8 Minutes ago,Live this moment,"consectetur adipisicing elit. Unde, autem","Lalyt
e"
553,2 Hours ago,Forgive others and myself,Lorem ipsum,lssndt
788,8 Minutes ago,See the goodness around me,veritatis earum blanditiis maiores fugiat,luih aed nm
234,8 Minutes ago,Lead by example,"Labore, quae iste"," euoeec
"
240,5 Days ago,Be kind,Saepe ab illum perferendis.,"a r,neea ona 
"
359,8 Minutes ago,Manifest happiness naturally,"adipisicing elit. Nam, dolorem hic?",",uo rajru"
399,4 Days ago,Be kind,"accusantium excepturi minus, officia et reprehenderit","dioptsc ampl
n"
890,4 Days ago,Forgive others and myself,"adipisicing elit. Nam, dolorem hic?",taoe  en
439,2 Hours ago,Lead by example,esse praesentium,"rutdad tttoe i "
515,13 Days ago,Make mindfulnes,Saepe ab illum perferendis.," oslrtco
uftl
frap"
499,2 Hours ago,Manifest happiness naturally,"consectetur adipisicing elit. Unde, autem",umtsnasoar
827,4 Days ago,Live this moment,Magni inventore ea illum nobis amet,mtdiete tc
564,10 Days ago,Manifest happiness naturally,Magni inventore ea illum nobis amet,"iteeaa 
a"
751,2 Hours ago,Forgive others and myself,veniam atque officiis consequuntur pariatur?,ssdtohp
846,30 Minutes ago,Lead by example,Lorem ipsum," i ceiosiadiese"
905,1 Hour ago,Make someone smile every day,"consectetur adipisicing elit. Unde, autem",t.mpue
914,2 Hours ago,Forgive others and myself,"adipisicing elit. Nam, dolorem hic?","o its uelsm  r  "
429,2 Minutes ago,Make someone smile every day,Saepe ab illum perferendis.," irceu
si"
701,2 Minutes ago,Live this moment,Lorem ipsum dolor sit amet,aenirtre
814,1 Hour ago,Make mindfulnes,"adipisicing elit. Nam, dolorem hic?","oituase
  uie"
520,4 Days ago,Be kind,"accusantium excepturi minus, officia et reprehenderit","a trouamsddsns
s"
808,,Lead by example,"Labore, quae iste","emnd
utoe  cr oNr"
933,2 Minutes ago,Make someone smile every day,veritatis earum blanditiis maiores fugiat,dt t lsi
991,1 Hour ago,Manifest happiness naturally,Saepe ab illum perferendis.,"cei drp
mrueiiet"
857,2 Hours ago,Make someone smile every day,"adipisicing elit. Nam, dolorem hic?","iorcens
"
316,4 Days ago,Make mindfulnes,dolorum omnis odit.," enohrhe.te nnoe"
125,2 Hours ago,Live this moment,Magni inventore ea illum nobis amet,"mmminua
t
c evrucr"
509,13 Days ago,Manifest happiness naturally,veritatis earum blanditiis maiores fugiat,rods.bhidmoc
763,30 Minutes ago,Make someone smile every day,"consectetur adipisicing elit. Unde, autem",m  ndmsdrsaer
762,1 Hour ago,Love unconditionally,Magni inventore ea illum nobis amet,".s
tmiocdmesu"
627,,See the goodness around me,"adipisicing elit. Nam, dolorem hic?",cuu .oai
984,2 Minutes ago,Manifest happiness naturally,"Labore, quae iste","paramiii "
870,5 Days ago,Manifest happiness naturally,"accusantium excepturi minus, officia et reprehenderit","inne
a p "
383,2 Minutes ago,Make someone smile every day,Magni inventore ea illum nobis amet,"aiaa  "
112,8 Minutes ago,See the goodness around me,Aperiam reiciendis neque eveniet unde,ui oii
107,4 Days ago,Manifest happiness naturally,"accusantium excepturi minus, officia et reprehenderit",sa  duionoeefnt q
617,2 Hours ago,Live this moment,dolor sit amet consectetur,"ab itsrlsder
 see"
399,10 Days ago,Make someone smile every day,Lorem ipsum,"sbprtei
sue 
laub"
964,4 Days ago,Forgive others and myself,Aperiam reiciendis neque eveniet unde,"yri
iebidtseemis "
328,13 Days ago,Be kind,"adipisicing elit. Nam, dolorem hic?",beintmiae fdeifta
471,30 Minutes ago,Live this moment,Lorem ipsum dolor sit amet,eeiirt umi
781,8 Minutes ago,Live this moment,esse praesentium,eriiravtutnrsma
780,2 Minutes ago,Be kind,Saepe ab illum perferendis.,s iludvecsrnhurt
420,4 Days ago,Love unconditionally,"Labore, quae iste",".esie
lma"
412,30 Minutes ago,Forgive others and myself,veniam atque officiis consequuntur pariatur?,"ulai
emelSSap
un"
247,8 Minutes ago,Forgive others and myself,"accusantium excepturi minus, officia et reprehenderit","uddnmdreup  "
475,2 Minutes ago,Love unconditionally,Lorem ipsum," aers
ie"
146,1 Hour ago,Love unconditionally,"adipisicing elit. Nam, dolorem hic?",eel e atcqdse
462,13 Days ago,See the goodness around me,veritatis earum blanditiis maiores fugiat,"ios ili i.re "
894,5 Days ago,Lead by example,"accusantium excepturi minus, officia et reprehenderit","  m ro i"
659,2 Hours ago,Be kind,"consectetur adipisicing elit. Unde, autem","goo
ebeeo"
548,2 Hours ago,Make someone smile every day,Magni inventore ea illum nobis amet,"e  es
e pri"
893,13 Days ago,See the goodness around me,Saepe ab illum perferendis.,minoroossoou
152,8 Minutes ago,Forgive others and myself,"Labore, quae iste","acvnn unm
 r mt"
820,4 Days ago,Love unconditionally,veniam atque officiis consequuntur pariatur?,Hiddpnieperasa
628,8 Minutes ago,Lead by example,dolor sit amet consectetur,"  re
u"
329,2 Minutes ago,Forgive others and myself,"accusantium excepturi minus, officia et reprehenderit",tua aoqes.
769,30 Minutes ago,See the goodness around me,Saepe ab illum perferendis.,"a riinaoesdr
t "
330,2 Hours ago,Be kind,"accusantium excepturi minus, officia et reprehenderit",Hhp hioh.srimas s
953,5 Days ago,Lead by example,"adipisicing elit. Nam, dolorem hic?","
   nu"
263,5 Days ago,Lead by example,veniam atque officiis consequuntur pariatur?,"eee uui,ne dd  "
414,4 Days ago,Live this moment,dolor sit amet consectetur,"
uutnubieid"
775,2 Minutes ago,Manifest happiness naturally,"accusantium excepturi minus, officia et reprehenderit"," dqrleaas"
490,30 Minutes ago,Make mindfulnes,Saepe ab illum perferendis.,nasle.eimeiptoe
458,30 Minutes ago,Live this moment,veritatis earum blanditiis maiores fugiat,"f irue "
885,5 Days ago,Forgive others and myself,"adipisicing elit. Nam, dolorem hic?","
asitiiiiea"
548,2 Hours ago,Make someone smile every day,"consectetur adipisicing elit. Unde, autem","tfdco d
 vc"
235,30 Minutes ago,Lead by example,Lorem ipsum,"
uimsusea"
371,2 Minutes ago,Forgive others and myself,"consectetur adipisicing elit. Unde, autem","aennfpfd tsr
  s"
773,2 Hours ago,Make someone smile every day,dolorum omnis odit.,hhr ismaegm
205,5 Days ago,Lead by example,Lorem ipsum,rls uoioinlsa
652,4 Days ago,Lead by example,Saepe ab illum perferendis.,"rsuounn e m
uemroa"
323,,Make someone smile every day,"consectetur adipisicing elit. Unde, autem",eadoeno
627,2 Minutes ago,Lead by example,Aperiam reiciendis neque eveniet unde,"sodatirtines "
690,5 Days ago,Manifest happiness naturally,"Labore, quae iste",slmimv
109,30 Minutes ago,Forgive others and myself,"consectetur adipisicing elit. Unde, autem"," rhaimcigomb
"
971,5 Days ago,Be kind,Lorem ipsum,uo  di uomtxiSscq
280,10 Days ago,Live this moment,Saepe ab illum perferendis.,heieieo mhenrdrmee
375,5 Days ago,Love unconditionally,"accusantium excepturi minus, officia et reprehenderit"," cutupooii
"
685,8 Minutes ago,Make mindfulnes,"accusantium excepturi minus, officia et reprehenderit","t tH
mltb"
847,1 Hour ago,Be kind,esse praesentium,"  
tuevetrce,a"
328,2 Minutes ago,Be kind,dolorum omnis odit.,gm.rrdni
462,10 Days ago,Love unconditionally,"Labore, quae iste"," at tep"
618,1 Hour ago,Manifest happiness naturally,"consectetur adipisicing elit. Unde, autem"," n  s.ss"
727,5 Days ago,Be kind,esse praesentium,"imoie U
sc
 pnaals"
983,8 Minutes ago,Forgive others and myself,"accusantium excepturi minus, officia et reprehenderit",teosrao r
743,30 Minutes ago,Forgive others and myself,veritatis earum blanditiis maiores fugiat," te, e
tarlur"
480,2 Hours ago,Make mindfulnes,Lorem ipsum,ienlie moaoun
407,2 Hours ago,See the goodness around me,dolorum omnis odit.,bstcidqiis
545,13 Days ago,Live this moment,"Labore, quae iste","ur,nise"
784,8 Minutes ago,Live this moment,veritatis earum blanditiis maiores fugiat,uuserart op
186,5 Days ago,Forgive others and myself,Aperiam reiciendis neque eveniet unde,eneefermiel.
376,4 Days ago,Manifest happiness naturally,veritatis earum blanditiis maiores fugiat,"rmnt p
. nmc xpin "
921,4 Days ago,Live this moment,Lorem ipsum dolor sit amet,lnermae
421,2 Minutes ago,Lead by example,dolor sit amet consectetur,an idl
809,30 Minutes ago,Make someone smile every day,Aperiam reiciendis neque eveniet unde,"suilmt
 aehot"
734,1 Hour ago,Make someone smile every day,Aperiam reiciendis neque eveniet unde,"  drotjnri,"
409,13 Days ago,See the goodness around me,dolor sit amet consectetur,"ldo n t lli sil
"
994,2 Hours ago,Forgive others and myself,Lorem ipsum,oiapo onctu
101,1 Hour ago,Make someone smile every day,dolorum omnis odit.," vu

seUm.o."
778,8 Minutes ago,Be kind,"consectetur adipisicing elit. Unde, autem","rLmiutuf 
oeguinn"
609,13 Days ago,Manifest happiness naturally,Lorem ipsum,gaeorbe
636,1 Hour ago,Make mindfulnes,"Labore, quae iste"," s loa
rit "
239,4 Days ago,Love unconditionally,"consectetur adipisicing elit. Unde, autem","
.edtiseesi cm "
202,2 Hours ago,Manifest happiness naturally,Saepe ab illum perferendis.,"i sc taa o,e estce"
862,2 Minutes ago,Make someone smile every day,"Labore, quae iste","eu te
 iie"
284,8 Minutes ago,Manifest happiness naturally,"adipisicing elit. Nam, dolorem hic?","miueu 
tii"
686,5 Days ago,Manifest happiness naturally,Magni inventore ea illum nobis amet,ei ae ia nisr
709,13 Days ago,Lead by example,esse praesentium," c oetel eee etn"
652,4 Days ago,Make someone smile every day,esse praesentium,bimmiemiaatnommmc
338,1 Hour ago,Forgive others and myself,veniam atque officiis consequuntur pariatur?,"fvritapa
em etea"
843,8 Minutes ago,Forgive others and myself,veritatis earum blanditiis maiores fugiat,".se
iicmclufrahnim"
658,13 Days ago,Be kind,veritatis earum blanditiis maiores fugiat,opiiniehcoaiuvtm u
706,30 Minutes ago,See the goodness around me,Aperiam reiciendis neque eveniet unde," r uccd ps "
994,13 Days ago,Live this moment,"consectetur adipisicing elit. Unde, autem",ocptmqneil
270,10 Days ago,Live this moment,Lorem ipsum dolor sit amet,"truessreee
ils"
130,1 Hour ago,See the goodness around me,"adipisicing elit. Nam, dolorem hic?",cieoiesr
821,,Make someone smile every day,Saepe ab illum perferendis.,iaq  osrais
712,4 Days ago,See the goodness around me,Magni inventore ea illum nobis amet,oetrete ito
480,8 Minutes ago,Make someone smile every day,"accusantium excepturi minus, officia et reprehenderit","vt
se taircnie"
545,2 Hours ago,Live this moment,Lorem ipsum dolor sit amet,eaeaeusmstnrtcm.ae
715,,Manifest happiness naturally,Lorem ipsum,usref  e mfitrUe
253,,Live this moment,Magni inventore ea illum nobis amet,r diiy aiahpian
144,2 Hours ago,Manifest happiness naturally,veritatis earum blanditiis maiores fugiat,xeirdsvaltrcruiuo
456,8 Minutes ago,Love unconditionally,esse praesentium,r inlepseutie
835,4 Days ago,Lead by example,veniam atque officiis consequuntur pariatur?,"auhsqihrbd
pertiet"
171,5 Days ago,Make someone smile every day,veniam atque officiis consequuntur pariatur?,"palmr,a"
326,10 Days ago,See the goodness around me,Saepe ab illum perferendis.,meoeteoi iu
884,2 Minutes ago,See the goodness around me,"consectetur adipisicing elit. Unde, autem",sm.gtluityl
686,2 Minutes ago,See the goodness around me,Lorem ipsum,mtopl e h
619,4 Days ago,Be kind,Magni inventore ea illum nobis amet,"omi jeiitreuiis "
761,2 Hours ago,Lead by example,Saepe ab illum perferendis.,asl iafo mit
804,4 Days ago,Make someone smile every day,dolor sit amet consectetur,"ui rie
a"
201,,Manifest happiness naturally,"consectetur adipisicing elit. Unde, autem","iaim
  
t"
819,8 Minutes ago,Forgive others and myself,esse praesentium,.ge iirnstuverist
254,1 Hour ago,Be kind,dolorum omnis odit.,"e..ffi  eoi "
806,10 Days ago,Make someone smile every day,Saepe ab illum perferendis.,"pelaniaeisn "
807,30 Minutes ago,Forgive others and myself,Aperiam reiciendis neque eveniet unde,"pnet. l
pHir"
234,,Make someone smile every day,Lorem ipsum dolor sit amet,nohnrrmtm
262,1 Hour ago,Make someone smile every day,veniam atque officiis consequuntur pariatur?,"mflettlim "
800,10 Days ago,Make someone smile every day,Saepe ab illum perferendis.,ioiehat sNsl
866,4 Days ago,Manifest happiness naturally,"consectetur adipisicing elit. Unde, autem",anotis
626,2 Minutes ago,Love unconditionally,veniam atque officiis consequuntur pariatur?,"abi
n rgur"
403,1 Hour ago,Lead by example,Lorem ipsum,iad u oL
757,5 Days ago,Love unconditionally,Saepe ab illum perferendis.,"pdUtr dls oo,sm "
747,5 Days ago,Make someone smile every day,esse praesentium,nL ear  cafs
872,4 Days ago,Manifest happiness naturally,veritatis earum blanditiis maiores fugiat,itoa epdae
907,4 Days ago,Live this moment,Saepe ab illum perferendis.,soeniollclay
683,,Forgive others and myself,veniam atque officiis consequuntur pariatur?," uin et "
545,30 Minutes ago,Manifest happiness naturally,dolor sit amet consectetur,"eo ssotttere  "
204,,Lead by example,"accusantium excepturi minus, officia et reprehenderit","soht
Lcpeenvc"
951,10 Days ago,Manifest happiness naturally,Lorem ipsum,macdton nclttcb iU
667,2 Minutes ago,Lead by example,"Labore, quae iste",ctpine
920,2 Hours ago,Forgive others and myself,"adipisicing elit. Nam, dolorem hic?","nd 

tsiotcametsuq"
568,2 Minutes ago,Love unconditionally,"Labore, quae iste","rn
tni. itt"
529,2 Minutes ago,Lead by example,veritatis earum blanditiis maiores fugiat,"rrnd.u "
675,1 Hour ago,Live this moment,dolor sit amet consectetur,pnuoaeii
198,2 Hours ago,Manifest happiness naturally,Aperiam reiciendis neque eveniet unde,tuiuslatnna
723,4 Days ago,Be kind,Aperiam reiciendis neque eveniet unde,"ees
e  "
592,5 Days ago,Make someone smile every day,Lorem ipsum," m gm ee  csptaat"
433,4 Days ago,Be kind,esse praesentium,fleeisbrtid
323,30 Minutes ago,Forgive others and myself,"consectetur adipisicing elit. Unde, autem","mieLn "
725,,See the goodness around me,dolorum omnis odit.,",emioi,
dorrmri"
116,30 Minutes ago,Love unconditionally,"adipisicing elit. Nam, dolorem hic?",cpe ul t
835,13 Days ago,Make mindfulnes,dolor sit amet consectetur,"lvtenge
alsip"
141,,Live this moment,Magni inventore ea illum nobis amet,"i
ojomiigii eic"
803,5 Days ago,Make someone smile every day,Magni inventore ea illum nobis amet,rrjtnutpcbn flamo
288,1 Hour ago,Lead by example,"adipisicing elit. Nam, dolorem hic?",ft eeueuse
206,5 Days ago,Forgive others and myself,esse praesentium,"e icfma
de."
416,13 Days ago,Make someone smile every day,Lorem ipsum,rnpnpr
405,10 Days ago,Love unconditionally,"accusantium excepturi minus, officia et reprehenderit",ue hpsomemxaiem
888,13 Days ago,See the goodness around me,dolorum omnis odit.,iinogiN nseo
795,13 Days ago,Manifest happiness naturally,"adipisicing elit. Nam, dolorem hic?","i h qineinlc
i"
469,1 Hour ago,Be kind,Saepe ab illum perferendis.,evoppr ie
701,5 Days ago,Love unconditionally,Lorem ipsum dolor sit amet,isiuedr mtnudto
980,10 Days ago,Love unconditionally,Lorem ipsum dolor sit amet," lieulueo.
neoie"
203,2 Minutes ago,Manifest happiness naturally,veritatis earum blanditiis maiores fugiat,aaeiierdai
683,10 Days ago,Love unconditionally,"accusantium excepturi minus, officia et reprehenderit","irsodeosluye
  "
729,2 Hours ago,Be kind,veritatis earum blanditiis maiores fugiat,"ui,dusmce"
345,5 Days ago,Make someone smile every day,"consectetur adipisicing elit. Unde, autem",s p osmtdocei a
330,10 Days ago,Forgive others and myself,Aperiam reiciendis neque eveniet unde,eiasi ta
323,13 Days ago,Lead by example,"adipisicing elit. Nam, dolorem hic?","iisl dir,ef"
302,1 Hour ago,Make mindfulnes,Lorem ipsum,"ilitt.i. "
999,1 Hour ago,Forgive others and myself,Lorem ipsum dolor sit amet,"entu 
"
151,10 Days ago,Lead by example,Aperiam reiciendis neque eveniet unde,"nansmd "
518,1 Hour ago,Forgive others and myself,Aperiam reiciendis neque eveniet unde,"snsnhs  "
450,4 Days ago,Make someone smile every day,Aperiam reiciendis neque eveniet unde,t cuspfm ip.rl
746,2 Hours ago,See the goodness around me,"accusantium excepturi minus, officia et reprehenderit",mtc uiie
586,2 Minutes ago,Forgive others and myself,dolorum omnis odit.,muLduj m
142,2 Hours ago,See the goodness around me,"Labore, quae iste",soailstl ud
766,13 Days ago,Live this moment,"accusantium excepturi minus, officia et reprehenderit",iavatumo
405,1 Hour ago,Manifest happiness naturally,veritatis earum blanditiis maiores fugiat,e p aa sohp
283,2 Minutes ago,See the goodness around me,veniam atque officiis consequuntur pariatur?,e epeeesesitnco
892,2 Minutes ago,Make mindfulnes,veniam atque officiis consequuntur pariatur?,ce uaLieide
610,,Be kind,Aperiam reiciendis neque eveniet unde,cilon xuireid
746,8 Minutes ago,Live this moment,dolor sit amet consectetur,svfe.loehu
678,8 Minutes ago,Live this moment,"consectetur adipisicing elit. Unde, autem",mueem la
577,1 Hour ago,Love unconditionally,veniam atque officiis consequuntur pariatur?,crniae
437,2 Minutes ago,Make someone smile every day,"adipisicing elit. Nam, dolorem hic?","e ee im,idu"
869,4 Days ago,Lead by example,Lorem ipsum,ioehma ntldbc
162,10 Days ago,Manifest happiness naturally,Magni inventore ea illum nobis amet,"r pcilthi
lvs Lnur"
554,1 Hour ago,Make someone smile every day,Lorem ipsum,"..udo 
etul
itHtao"
589,1 Hour ago,Lead by example,"consectetur adipisicing elit. Unde, autem",lse llrscpupqr
713,8 Minutes ago,Love unconditionally,Lorem ipsum,"
adi i.Ld emi"
156,2 Hours ago,Love unconditionally,dolor sit amet consectetur,gStsn at
313,2 Minutes ago,Lead by example,"adipisicing elit. Nam, dolorem hic?",te. isa  nsebapd
520,4 Days ago,See the goodness around me,dolorum omnis odit.," sh aie mep"
840,8 Minutes ago,Manifest happiness naturally,veniam atque officiis consequuntur pariatur?,flmntirqo hvemi
681,,Live this moment,"Labore, quae iste",r vicl
423,5 Days ago,Live this moment,Lorem ipsum,"ereiatcue 
adnu "
387,13 Days ago,Make someone smile every day,Lorem ipsum dolor sit amet,ii etdaenll iersne
450,4 Days ago,Forgive others and myself,veritatis earum blanditiis maiores fugiat,"x 
o oifitu"
828,2 Hours ago,See the goodness around me,Magni inventore ea illum nobis amet,"ell os aua "
358,8 Minutes ago,Live this moment,dolorum omnis odit.,oeieimeratiittt
918,10 Days ago,Make mindfulnes,"consectetur adipisicing elit. Unde, autem","r
nususerptarrx"
177,4 Days ago,See the goodness around me,Lorem ipsum,rordmells
583,2 Minutes ago,See the goodness around me,Lorem ipsum dolor sit amet,edoico
294,1 Hour ago,Be kind,dolorum omnis odit.," t
oiid"
888,5 Days ago,Live this moment,Saepe ab illum perferendis.,iho  oea ameremssv
931,5 Days ago,Manifest happiness naturally,esse praesentium,"ercfr ovmm "
927,1 Hour ago,Live this moment,Aperiam reiciendis neque eveniet unde,ei mps ad
410,10 Days ago,Live this moment,Lorem ipsum,d otuh
111,1 Hour ago,Make someone smile every day,"adipisicing elit. Nam, dolorem hic?",n caip
500,13 Days ago,Live this moment,dolorum omnis odit.,epe et
987,2 Hours ago,See the goodness around me,Aperiam reiciendis neque eveniet unde,"ies
fc"
810,5 Days ago,Be kind,Saepe ab illum perferendis.,tepay ommuilenp
837,5 Days ago,Make mindfulnes,"Labore, quae iste",aii nefcm dheau
905,30 Minutes ago,Make mindfulnes,esse praesentium,tprhniisrfiHiuusa
873,1 Hour ago,Manifest happiness naturally,Lorem ipsum,"reauus
dlesn"
522,30 Minutes ago,Manifest happiness naturally,Lorem ipsum dolor sit amet,eia ur usmaeLot  i
538,1 Hour ago,Make someone smile every day,dolor sit amet consectetur,"matl ar.aiam ib "
181,13 Days ago,Forgive others and myself,esse praesentium,"ftt
es"
691,5 Days ago,Make mindfulnes,Lorem ipsum,imii ce u
334,10 Days ago,Love unconditionally,veritatis earum blanditiis maiores fugiat,iaee  tlcsnie
609,4 Days ago,Make someone smile every day,veniam atque officiis consequuntur pariatur?,"
srimi"
288,13 Days ago,Love unconditionally,Aperiam reiciendis neque eveniet unde," txomuofq.aN"
153,8 Minutes ago,Be kind,dolorum omnis odit.," r
sle eiqH"
627,13 Days ago,Love unconditionally,dolorum omnis odit.,cattNeitn itsr ta
623,,Manifest happiness naturally,dolorum omnis odit.,"in  ne
uuLaur o"
906,10 Days ago,Make someone smile every day,"consectetur adipisicing elit. Unde, autem"," iUudoriu  sman"
565,30 Minutes ago,Make mindfulnes,Saepe ab illum perferendis.,uviioledq
898,4 Days ago,Lead by example,Lorem ipsum dolor sit amet,"et,aes efmnces"
207,4 Days ago,Live this moment,"accusantium excepturi minus, officia et reprehenderit","t
eir "
414,5 Days ago,Manifest happiness naturally,dolor sit amet consectetur,"ulpr
oer"
229,,Love unconditionally,veniam atque officiis consequuntur pariatur?,dail id
880,5 Days ago,Forgive others and myself,Lorem ipsum,"ee eoeontl

druum"
607,30 Minutes ago,See the goodness around me,veritatis earum blanditiis maiores fugiat,"e
ep ed"
152,10 Days ago,Be kind,Lorem ipsum,ciceeuialsnui
568,13 Days ago,Forgive others and myself,"adipisicing elit. Nam, dolorem hic?",onercpuseg
593,30 Minutes ago,Make someone smile every day,Lorem ipsum,"v,upupcmoiid"
172,8 Minutes ago,Make someone smile every day,Lorem ipsum,"ina tun ,
ree"
992,4 Days ago,Make mindfulnes,"consectetur adipisicing elit. Unde, autem",iadslnndma
854,2 Minutes ago,Be kind,"accusantium excepturi minus, officia et reprehenderit",epmrebieiu
856,8 Minutes ago,Lead by example,dolor sit amet consectetur,ucare hi
744,8 Minutes ago,Make mindfulnes,esse praesentium,ieepsteujataer
114,,Love unconditionally,"adipisicing elit. Nam, dolorem hic?"," ecmb "
892,1 Hour ago,Love unconditionally,"adipisicing elit. Nam, dolorem hic?","
nntdotii "
255,1 Hour ago,Lead by example,"Labore, quae iste","eeeee teoLlidtn "
917,10 Days ago,Make mindfulnes,Aperiam reiciendis neque eveniet unde,"gaerdss "
162,1 Hour ago,Be kind,dolor sit amet consectetur,nhcqet
738,1 Hour ago,Love unconditionally,Lorem ipsum,"son,hr eeismtdib"
537,8 Minutes ago,Manifest happiness naturally,Lorem ipsum dolor sit amet," .vueec"
861,8 Minutes ago,Forgive others and myself,"accusantium excepturi minus, officia et reprehenderit",autao y.
311,30 Minutes ago,Be kind,Lorem ipsum dolor sit amet,doe dimi h
478,,Make someone smile every day,esse praesentium,tdininphtom
699,13 Days ago,Be kind,"accusantium excepturi minus, officia et reprehenderit",oso umap
507,1 Hour ago,Manifest happiness naturally,Aperiam reiciendis neque eveniet unde,ite te
595,10 Days ago,Be kind,esse praesentium,"Nho
N
ff"
547,4 Days ago,Manifest happiness naturally,veritatis earum blanditiis maiores fugiat,euotnielr
848,1 Hour ago,See the goodness around me,Saepe ab illum perferendis.,omn rdrs slie
228,2 Minutes ago,See the goodness around me,esse praesentium,evdinaioe
267,8 Minutes ago,See the goodness around me,"consectetur adipisicing elit. Unde, autem","enea urtte
i"
278,10 Days ago,Be kind,Lorem ipsum,toiebld te eirnttt
652,2 Minutes ago,See the goodness around me,Lorem ipsum dolor sit amet,t ovegh
613,2 Hours ago,Make mindfulnes,esse praesentium,aueeeeo
422,10 Days ago,Live this moment,dolor sit amet consectetur,"uimieaoctnrc
amrin"
227,1 Hour ago,Live this moment,"accusantium excepturi minus, officia et reprehenderit","li
rvecmt
id"
192,8 Minutes ago,Make someone smile every day,dolor sit amet consectetur,e del ia
540,2 Minutes ago,Make someone smile every day,Aperiam reiciendis neque eveniet unde,"iiasi 

 sspi ale"
218,2 Minutes ago,Live this moment,veniam atque officiis consequuntur pariatur?,eenaie lss
302,10 Days ago,Live this moment,Saepe ab illum perferendis.,"eoesu,srbtdHeemsm"
234,1 Hour ago,See the goodness around me,dolor sit amet consectetur,ia e.e
632,13 Days ago,Forgive others and myself,dolor sit amet consectetur,"e,tvacrpitut m"
205,8 Minutes ago,Make mindfulnes,veritatis earum blanditiis maiores fugiat,r. uncn.uuaitrrn
254,13 Days ago,Make mindfulnes,"accusantium excepturi minus, officia et reprehenderit","alciue,"
926,4 Days ago,Manifest happiness naturally,Aperiam reiciendis neque eveniet unde,"clnmt,eirvarv tes"
835,2 Minutes ago,Forgive others and myself,veritatis earum blanditiis maiores fugiat,"iiosmctatm
"
390,2 Minutes ago,Love unconditionally,esse praesentium,Hutnt tesiiirlu
354,,Manifest happiness naturally,"adipisicing elit. Nam, dolorem hic?",de.rgueatLtsu
835,13 Days ago,Manifest happiness naturally,"consectetur adipisicing elit. Unde, autem","eufei "
293,30 Minutes ago,Forgive others and myself,"consectetur adipisicing elit. Unde, autem","i
tigt"
950,4 Days ago,Make mindfulnes,Saepe ab illum perferendis.,d s int q hedu d
287,10 Days ago,Live this moment,"Labore, quae iste","tal
di
sns.  "
514,1 Hour ago,Live this moment,Lorem ipsum dolor sit amet,"
e e
drairlu"
768,10 Days ago,Manifest happiness naturally,dolorum omnis odit.," isa  ernno"
990,2 Minutes ago,Live this moment,"accusantium excepturi minus, officia et reprehenderit",i oaoaennsn
115,2 Minutes ago,Make mindfulnes,dolorum omnis odit.,"npmi
q "
660,,Love unconditionally,Lorem ipsum dolor sit amet,"emarrhaev om  "
211,5 Days ago,See the goodness around me,Lorem ipsum dolor sit amet,"hi mool "
384,5 Days ago,Lead by example,Saepe ab illum perferendis.,"cqeismaro c,oet"
682,,Make someone smile every day,Aperiam reiciendis neque eveniet unde,"Hbtedeoiu .e deor "
348,30 Minutes ago,Live this moment,Magni inventore ea illum nobis amet,"eeei
sieneie meau "
605,10 Days ago,Lead by example,Saepe ab illum perferendis.," umdnmtdunuhit
ad"
311,5 Days ago,Make mindfulnes,dolorum omnis odit.,"ml,aeeignsmpsuteau"
611,,Make mindfulnes,Saepe ab illum perferendis.,"
itu i Lear"
546,13 Days ago,See the goodness around me,veniam atque officiis consequuntur pariatur?," cs eooln  e"
921,4 Days ago,Manifest happiness naturally,Lorem ipsum," nilia tr dog tim"
718,,Make mindfulnes,Lorem ipsum dolor sit amet,pubigLn
285,13 Days ago,Make mindfulnes,Aperiam reiciendis neque eveniet unde,n eteiie
575,,Make mindfulnes,Saepe ab illum perferendis.,"nrttier h
ue"
458,2 Minutes ago,Forgive others and myself,dolor sit amet consectetur,imos ntrrisbe
559,2 Hours ago,Lead by example,esse praesentium,"si as
Ltooa ue"
899,1 Hour ago,Love unconditionally,"consectetur adipisicing elit. Unde, autem",".oi
rt ys"
353,5 Days ago,Manifest happiness naturally,veritatis earum blanditiis maiores fugiat,tlnir emtgge
192,30 Minutes ago,Manifest happiness naturally,"Labore, quae iste",uesfmesaeeprrm
586,8 Minutes ago,Love unconditionally,"consectetur adipisicing elit. Unde, autem",ieu h umigela
413,2 Hours ago,Manifest happiness naturally,dolor sit amet consectetur,"nibc
doc f h e"
945,8 Minutes ago,Live this moment,"adipisicing elit. Nam, dolorem hic?",toq t  mtoi
835,,Manifest happiness naturally,"Labore, quae iste","d,en tl"
694,30 Minutes ago,See the goodness around me,"adipisicing elit. Nam, dolorem hic?","o 
iauut"
421,2 Minutes ago,Love unconditionally,Saepe ab illum perferendis.,"nnlonip
pa "
925,13 Days ago,Be kind,"accusantium excepturi minus, officia et reprehenderit",pcrne nhoHifdu
403,5 Days ago,Be kind,"consectetur adipisicing elit. Unde, autem",eonnllcri
770,8 Minutes ago,Make mindfulnes,Magni inventore ea illum nobis amet,"L
ebiu"
270,13 Days ago,See the goodness around me,Magni inventore ea illum nobis amet,"ioa  e
m, hcd "
255,8 Minutes ago,Manifest happiness naturally,esse praesentium,vtgsilrbUe
592,,Manifest happiness naturally,esse praesentium,"neo
repig"
408,,Forgive others and myself,"accusantium excepturi minus, officia et reprehenderit","acel
tuiaebtiir."
540,2 Hours ago,Make mindfulnes,Aperiam reiciendis neque eveniet unde," ote
ed "
251,2 Hours ago,Forgive others and myself,"Labore, quae iste","   meioam"
812,10 Days ago,See the goodness around me,"accusantium excepturi minus, officia et reprehenderit",mlclliaema f
470,5 Days ago,Live this moment,"adipisicing elit. Nam, dolorem hic?","rltrn
ntm
 ns
ie"
930,,Forgive others and myself,"adipisicing elit. Nam, dolorem hic?","deemrdeoSL "
709,2 Minutes ago,Make someone smile every day,dolorum omnis odit.,"Lidnbu
oooeames "
382,10 Days ago,Live this moment,dolor sit amet consectetur,"ru
et
"
726,2 Hours ago,Manifest happiness naturally,dolorum omnis odit.,"p
roisrslunu tLtum"
796,10 Days ago,Love unconditionally,dolorum omnis odit.,ciimurnbeiedo
454,1 Hour ago,Make someone smile every day,veritatis earum blanditiis maiores fugiat,aatt lteeu mselal
956,13 Days ago,Love unconditionally,"adipisicing elit. Nam, dolorem hic?",ore  siherer n
674,,Love unconditionally,dolorum omnis odit.,"de
faa"
125,2 Hours ago,Manifest happiness naturally,"consectetur adipisicing elit. Unde, autem",i evtailoo  saeehh
470,,Love unconditionally,veniam atque officiis consequuntur pariatur?,"oieee,.uomim hc.l"
753,2 Minutes ago,Make someone smile every day,"accusantium excepturi minus, officia et reprehenderit","m e tcn
 tem"
872,2 Minutes ago,Lead by example,veritatis earum blanditiis maiores fugiat,"pilsraeqelxmne "
370,4 Days ago,Lead by example,veritatis earum blanditiis maiores fugiat," coaei l"
261,13 Days ago,Love unconditionally,Aperiam reiciendis neque eveniet unde,nede snasattcr
316,4 Days ago,See the goodness around me,"Labore, quae iste",uctsie ie
671,4 Days ago,Manifest happiness naturally,"consectetur adipisicing elit. Unde, autem",rveere
190,2 Hours ago,Make mindfulnes,Aperiam reiciendis neque eveniet unde,sdnancoi
416,2 Minutes ago,Love unconditionally,veritatis earum blanditiis maiores fugiat,eo  aoexl
384,10 Days ago,Manifest happiness naturally,"adipisicing elit. Nam, dolorem hic?","vN,co
stgoucuuis"
471,2 Hours ago,Love unconditionally,"adipisicing elit. Nam, dolorem hic?","uhp
 motonbm 
"
459,4 Days ago,Live this moment,veniam atque officiis consequuntur pariatur?,dditeaorvineh
759,5 Days ago,Make mindfulnes,veritatis earum blanditiis maiores fugiat,bndixeuv x
822,2 Minutes ago,Love unconditionally,Magni inventore ea illum nobis amet,asa sLmielu  a
498,13 Days ago,Manifest happiness naturally,Lorem ipsum,us rt t .nb acireo
392,10 Days ago,Make someone smile every day,dolor sit amet consectetur,piignthnSo mse
410,10 Days ago,Lead by example,"adipisicing elit. Nam, dolorem hic?",icrnrrier e
147,2 Minutes ago,Forgive others and myself,"Labore, quae iste","e eh.
eie N aa"
542,4 Days ago,Be kind,esse praesentium,"emesr es eie
eg"
964,30 Minutes ago,Forgive others and myself,dolor sit amet consectetur," i eu te"
967,,Lead by example,"adipisicing elit. Nam, dolorem hic?",".pitmuset  iepeem "
335,13 Days ago,Be kind,esse praesentium," s onudUtp"
467,1 Hour ago,Be kind,"accusantium excepturi minus, officia et reprehenderit",iee smle tr dmoafm
831,10 Days ago,Be kind,"accusantium excepturi minus, officia et reprehenderit","invterirm "
618,13 Days ago,Live this moment,dolorum omnis odit.,"
d ,reuuonois "
211,30 Minutes ago,Forgive others and myself,veritatis earum blanditiis maiores fugiat,tie rp t ieo
256,4 Days ago,See the goodness around me,Aperiam reiciendis neque eveniet unde,ermhrtUssam
429,8 Minutes ago,Lead by example,Lorem ipsum,"cdarbaesi
f"
392,4 Days ago,Love unconditionally,veritatis earum blanditiis maiores fugiat,i  u ntsct
929,13 Days ago,Lead by example,"Labore, quae iste","i.esuiis
 bteoe "
381,1 Hour ago,Manifest happiness naturally,veniam atque officiis consequuntur pariatur?,aa  nron
871,2 Minutes ago,Live this moment,veniam atque officiis consequuntur pariatur?,"is 
scc"
712,1 Hour ago,Make mindfulnes,"consectetur adipisicing elit. Unde, autem","uyuacsmdsstlqreiL "
204,2 Hours ago,Manifest happiness naturally,veniam atque officiis consequuntur pariatur?,mgmsyeniib
309,5 Days ago,Lead by example,"adipisicing elit. Nam, dolorem hic?",ebisleiiaaau
505,13 Days ago,Love unconditionally,veniam atque officiis consequuntur pariatur?,"eodi.cudee
smrrern"
743,1 Hour ago,Make someone smile every day,"consectetur adipisicing elit. Unde, autem","ct

eoip "
894,,Make someone smile every day,Lorem ipsum,ni  oeegpce i
980,13 Days ago,Lead by example,Magni inventore ea illum nobis amet,Untntfric eri
510,1 Hour ago,See the goodness around me,veniam atque officiis consequuntur pariatur?,"mn 
.am
en"
837,8 Minutes ago,Love unconditionally,"adipisicing elit. Nam, dolorem hic?","bu 
 iil eed gee"
342,10 Days ago,Make someone smile every day,dolor sit amet consectetur," bmf
e "
677,4 Days ago,Manifest happiness naturally,"adipisicing elit. Nam, dolorem hic?",tmei.tfefi
763,2 Hours ago,Make someone smile every day,dolor sit amet consectetur,irneedeuoe
210,1 Hour ago,Live this moment,veniam atque officiis consequuntur pariatur?,lmr bsccsmulpo
801,10 Days ago,Forgive others and myself,Magni inventore ea illum nobis amet," eUsodp"
661,2 Hours ago,Forgive others and myself,"consectetur adipisicing elit. Unde, autem"," ernenm sauels i
g"
191,4 Days ago,Be kind,"Labore, quae iste",tltnitit
562,2 Minutes ago,Manifest happiness naturally,dolorum omnis odit.,ecd eioetds
262,1 Hour ago,Live this moment,"accusantium excepturi minus, officia et reprehenderit","e, endo nbi"
940,1 Hour ago,Love unconditionally,Magni inventore ea illum nobis amet,"uan sil 
sobme"
942,2 Minutes ago,Forgive others and myself,"accusantium excepturi minus, officia et reprehenderit",nphiLt oaitminn
248,10 Days ago,See the goodness around me,"adipisicing elit. Nam, dolorem hic?",tcsooie
282,30 Minutes ago,Make mindfulnes,Lorem ipsum,"mieayre
mrinex"
341,30 Minutes ago,Live this moment,Magni inventore ea illum nobis amet,"rmi
 e t tid sU"
726,13 Days ago,Be kind,veritatis earum blanditiis maiores fugiat," 
ofedieaiu"
331,1 Hour ago,Make someone smile every day,veniam atque officiis consequuntur pariatur?,eollnems teaiediai
473,8 Minutes ago,Live this moment,"accusantium excepturi minus, officia et reprehenderit",eiinaeeia
232,2 Minutes ago,Manifest happiness naturally,dolorum omnis odit.,"cos t
ri e
enevtai"
261,13 Days ago,Lead by example,Magni inventore ea illum nobis amet,"ti
io,ideutten"
336,1 Hour ago,Forgive others and myself,veritatis earum blanditiis maiores fugiat,eeetpmn mb
767,2 Minutes ago,Live this moment,veniam atque officiis consequuntur pariatur?,dlmude iire
173,,Forgive others and myself,esse praesentium," deetsnduptnritn"
629,2 Hours ago,See the goodness around me,"adipisicing elit. Nam, dolorem hic?","nU tond
tait "
541,4 Days ago,Forgive others and myself,Lorem ipsum,"ui,ueai"
498,2 Hours ago,Manifest happiness naturally,veniam atque officiis consequuntur pariatur?," sdae orirn"
921,4 Days ago,Lead by example,Magni inventore ea illum nobis amet,"paetroqbulsgm,eo"
159,4 Days ago,Be kind,Lorem ipsum dolor sit amet,"cina nypedu
uo"
500,8 Minutes ago,Lead by example,dolor sit amet consectetur,"iriir i e e "
721,13 Days ago,Make someone smile every day,dolorum omnis odit.,"tie
sLe ic"
546,4 Days ago,Make mindfulnes,"adipisicing elit. Nam, dolorem hic?",tirmfv
596,2 Minutes ago,Make someone smile every day,"Labore, quae iste",ntrmxtis
928,2 Hours ago,Make mindfulnes,"accusantium excepturi minus, officia et reprehenderit","e c noLU seei "
698,13 Days ago,Make mindfulnes,"consectetur adipisicing elit. Unde, autem",larie.Sr
292,5 Days ago,Make mindfulnes,esse praesentium,"bqeda
mLd "
403,5 Days ago,Lead by example,veritatis earum blanditiis maiores fugiat,"
 
sme"
590,4 Days ago,Love unconditionally,"consectetur adipisicing elit. Unde, autem","dssicna
eu "
816,2 Hours ago,Make mindfulnes,Lorem ipsum dolor sit amet,"aje
 mtutoce"
255,30 Minutes ago,Make someone smile every day,Magni inventore ea illum nobis amet,"n msndrmc
o o tllb"
436,1 Hour ago,Live this moment,Saepe ab illum perferendis.,cotrl tp
332,4 Days ago,Live this moment,Magni inventore ea illum nobis amet,eoin se rio
498,10 Days ago,Live this moment,veritatis earum blanditiis maiores fugiat,"rus rc  o o,smd"
472,2 Minutes ago,Manifest happiness naturally,esse praesentium,"  t o pag ovmai"
782,8 Minutes ago,Make someone smile every day,dolor sit amet consectetur,outeenellodrcintu
864,30 Minutes ago,Live this moment,"Labore, quae iste",c u carlfne
356,2 Hours ago,Be kind,veniam atque officiis consequuntur pariatur?,"t
ieemsice"
827,30 Minutes ago,Lead by example,veniam atque officiis consequuntur pariatur?,m.cai ned
813,,Be kind,Saepe ab illum perferendis.,ueiu shhble
588,5 Days ago,Make someone smile every day,dolorum omnis odit.,"lg
uastl  a "
277,4 Days ago,Make mindfulnes,"consectetur adipisicing elit. Unde, autem",d epte seiqfii
776,,Live this moment,veritatis earum blanditiis maiores fugiat,e eeyt
583,5 Days ago,Love unconditionally,Aperiam reiciendis neque eveniet unde,crptfi  l
395,5 Days ago,Be kind,dolor sit amet consectetur," fno  "
295,1 Hour ago,Live this moment,Magni inventore ea illum nobis amet,eo ibfndrcososui
292,5 Days ago,Love unconditionally,dolor sit amet consectetur,teisnemhelidnsets
671,30 Minutes ago,Make mindfulnes,Saepe ab illum perferendis.," mpnei ro"
440,8 Minutes ago,Forgive others and myself,veritatis earum blanditiis maiores fugiat,"nmuscb
i scimnsi"
962,30 Minutes ago,Make someone smile every day,"consectetur adipisicing elit. Unde, autem",mgismr
654,4 Days ago,Make mindfulnes,Lorem ipsum,"r.unn
eio m.da"
403,5 Days ago,Make someone smile every day,"consectetur adipisicing elit. Unde, autem",in anNeuo
134,10 Days ago,Manifest happiness naturally,"accusantium excepturi minus, officia et reprehenderit","edui  r
ih
caac"
397,5 Days ago,Manifest happiness naturally,Lorem ipsum dolor sit amet,"in tu "
670,30 Minutes ago,Forgive others and myself,dolor sit amet consectetur,"tauSm  urea
a"
681,5 Days ago,Lead by example,veritatis earum blanditiis maiores fugiat,"onhednrttl 
penmnv"
880,5 Days ago,Live this moment,"Labore, quae iste",ms xrahuoagidt dpu
532,2 Minutes ago,Live this moment,"consectetur adipisicing elit. Unde, autem","uliar rtmeUiduemm "
865,8 Minutes ago,Make someone smile every day,"Labore, quae iste"," cc,cureitr ed u i"
919,10 Days ago,Forgive others and myself,"Labore, quae iste",llon rdu
208,8 Minutes ago,Be kind,esse praesentium,ei eueltN
253,1 Hour ago,Be kind,esse praesentium,emoaimx eeautrlls
472,5 Days ago,Forgive others and myself,Lorem ipsum,ooeiede
578,8 Minutes ago,See the goodness around me,"consectetur adipisicing elit. Unde, autem",mseadiei
744,8 Minutes ago,Make someone smile every day,dolorum omnis odit.,mrladr
869,1 Hour ago,Live this moment,Lorem ipsum,"hs
ibpaeidii U"
347,10 Days ago,Manifest happiness naturally,Magni inventore ea illum nobis amet,"n iu
grsisbyi"
238,10 Days ago,Lead by example,"Labore, quae iste",i  taorouiodd
962,2 Hours ago,Make someone smile every day,dolorum omnis odit.,aardmneec dttipife
714,10 Days ago,Make mindfulnes,"consectetur adipisicing elit. Unde, autem","qoi aa
suiy d"
839,8 Minutes ago,Love unconditionally,veritatis earum blanditiis maiores fugiat,scduseie
375,2 Hours ago,Love unconditionally,"accusantium excepturi minus, officia et reprehenderit",eailmravesa
362,13 Days ago,Forgive others and myself,Saepe ab illum perferendis.,"  me re tefe"
543,,Love unconditionally,Lorem ipsum,"soce tiasedtiuue "
506,8 Minutes ago,Make someone smile every day,"Labore, quae iste","inoe
nmeiirsf"
224,8 Minutes ago,Be kind,veniam atque officiis consequuntur pariatur?,"mpuiu gbiie r 
"
729,1 Hour ago,Forgive others and myself,dolor sit amet consectetur,saaerec.atefm
631,30 Minutes ago,Love unconditionally,"accusantium excepturi minus, officia et reprehenderit","  xona
ui reo
lr"
862,2 Minutes ago,Love unconditionally,Lorem ipsum,"teet
i.n"
690,2 Hours ago,Make mindfulnes,Lorem ipsum,"posUubiigeu "
961,1 Hour ago,Manifest happiness naturally,"consectetur adipisicing elit. Unde, autem","setnta
mtr"
183,5 Days ago,Manifest happiness naturally,veniam atque officiis consequuntur pariatur?,"m eqne
fte
"
677,,See the goodness around me,dolor sit amet consectetur,d s coe
432,10 Days ago,Manifest happiness naturally,Saepe ab illum perferendis.,iexNsf
585,10 Days ago,Be kind,Aperiam reiciendis neque eveniet unde,rnau.n s ei
897,8 Minutes ago,Lead by example,veniam atque officiis consequuntur pariatur?,"
iueluemesic"
868,8 Minutes ago,Make mindfulnes,esse praesentium,llias e tmo
688,5 Days ago,Love unconditionally,Magni inventore ea illum nobis amet,nsd iaog
216,2 Hours ago,Live this moment,Saepe ab illum perferendis.,"cpr e
e"
112,8 Minutes ago,Manifest happiness naturally,"Labore, quae iste",e bobsvlumoi
317,4 Days ago,Be kind,Lorem ipsum,t ein ce
449,10 Days ago,Live this moment,Aperiam reiciendis neque eveniet unde,eaitace
275,2 Minutes ago,Love unconditionally,Lorem ipsum dolor sit amet,reehidde
997,,Make someone smile every day,veniam atque officiis consequuntur pariatur?," tt vlbtutault  f"
363,5 Days ago,Love unconditionally,"consectetur adipisicing elit. Unde, autem","inu
 l srL ofby"
811,2 Hours ago,Make mindfulnes,Magni inventore ea illum nobis amet,uic mimmn oi
702,,Lead by example,esse praesentium," sdeu  "
566,30 Minutes ago,See the goodness around me,Lorem ipsum dolor sit amet,vurcliamip uu o
857,2 Hours ago,See the goodness around me,esse praesentium,". eieieoaif.sem
e "
484,2 Hours ago,Manifest happiness naturally,veniam atque officiis consequuntur pariatur?,e pqumialr itveuem
470,1 Hour ago,See the goodness around me,Saepe ab illum perferendis.,cxleetremied
293,2 Minutes ago,Make mindfulnes,dolor sit amet consectetur,sre.HUiil
781,2 Minutes ago,See the goodness around me,Aperiam reiciendis neque eveniet unde,teo de rre
215,30 Minutes ago,Manifest happiness naturally,"adipisicing elit. Nam, dolorem hic?","es,.abese"
245,2 Hours ago,Manifest happiness naturally,veniam atque officiis consequuntur pariatur?,"
cseeo oomeocu"
639,2 Hours ago,Be kind,Aperiam reiciendis neque eveniet unde," lar tmubinr ui
"
354,13 Days ago,Make someone smile every day,veritatis earum blanditiis maiores fugiat,qitouqendo ra.rltn
284,4 Days ago,Manifest happiness naturally,Aperiam reiciendis neque eveniet unde,tr  uursh
557,2 Minutes ago,Manifest happiness naturally,esse praesentium,ne ygNt te
545,,Make someone smile every day,"Labore, quae iste",lmyitmuoirtteamn
762,8 Minutes ago,Make mindfulnes,Lorem ipsum dolor sit amet,"ldds ur ea ea "
739,2 Hours ago,Forgive others and myself,veritatis earum blanditiis maiores fugiat,apexls sdtntnotu t
452,,Love unconditionally,Magni inventore ea illum nobis amet,"  , rac"
722,30 Minutes ago,Forgive others and myself,"consectetur adipisicing elit. Unde, autem","ivrva
due"
702,8 Minutes ago,Love unconditionally,Lorem ipsum dolor sit amet,ste cueiir osmie
971,2 Hours ago,Lead by example,veniam atque officiis consequuntur pariatur?,"s t evsntmtie
ct"
545,2 Hours ago,Make someone smile every day,veniam atque officiis consequuntur pariatur?,tmu em coerrgeqi.e
404,10 Days ago,Be kind,Saepe ab illum perferendis.,"v.mtL
eeoiel e to"
784,2 Hours ago,Love unconditionally,Lorem ipsum dolor sit amet,"itaanm,"
586,4 Days ago,Make someone smile every day,Lorem ipsum dolor sit amet,odnelqstnm
340,2 Hours ago,Be kind,dolorum omnis odit.,"m
drcg"
475,2 Hours ago,See the goodness around me,veritatis earum blanditiis maiores fugiat,"
 nemi  "
451,30 Minutes ago,Live this moment,esse praesentium,"eomNn mnriiue
 t "
243,,Be kind,Lorem ipsum dolor sit amet,"ne
oeiaiuoeaiu
s"
231,30 Minutes ago,Forgive others and myself,Lorem ipsum,"rioreooettr ueaeu "
433,10 Days ago,See the goodness around me,"accusantium excepturi minus, officia et reprehenderit",tserNro
172,4 Days ago,Lead by example,veniam atque officiis consequuntur pariatur?,"oagplit s
nl"
736,8 Minutes ago,Be kind,Lorem ipsum,amiara
688,1 Hour ago,Lead by example,Magni inventore ea illum nobis amet," eneecoel o.cuiuf"
149,1 Hour ago,See the goodness around me,"adipisicing elit. Nam, dolorem hic?",areeltri mvm
967,1 Hour ago,Love unconditionally,Aperiam reiciendis neque eveniet unde,uex unedlb.hmd
890,2 Hours ago,Manifest happiness naturally,Lorem ipsum dolor sit amet," letaitlehinotete"
842,2 Hours ago,Love unconditionally,Lorem ipsum dolor sit amet,"L  tb "
301,10 Days ago,Lead by example,"consectetur adipisicing elit. Unde, autem"," oltmle celctvtef."
485,1 Hour ago,Live this moment,Lorem ipsum dolor sit amet,"e 
i uttUrrdes"
231,2 Minutes ago,Live this moment,Aperiam reiciendis neque eveniet unde,"lma
ay."
571,4 Days ago,Make mindfulnes,dolor sit amet consectetur,"
tet  esaiil aHoae"
352,30 Minutes ago,Be kind,dolorum omnis odit.,"tbemarc
in "
412,1 Hour ago,Lead by example,veritatis earum blanditiis maiores fugiat,"viet ttuau
rhu un"
917,2 Hours ago,Make mindfulnes,"consectetur adipisicing elit. Unde, autem","eiard
utrreplaesg"
695,10 Days ago,Make someone smile every day,dolorum omnis odit.,"sei,sieqtmerhstt s"
201,,See the goodness around me,Lorem ipsum,"ir . d 
 mbe  a"
670,,Live this moment,Magni inventore ea illum nobis amet,"amtnaimlridpr "
885,10 Days ago,Live this moment,esse praesentium,sauiitini le
820,1 Hour ago,Forgive others and myself,"adipisicing elit. Nam, dolorem hic?",esrimiuhe
614,30 Minutes ago,Be kind,Lorem ipsum dolor sit amet,naeipnfae
126,5 Days ago,Forgive others and myself,Aperiam reiciendis neque eveniet unde,uHleolmifo tliL
695,4 Days ago,Live this moment,veniam atque officiis consequuntur pariatur?," ismiu 
mt elm"
354,13 Days ago,Make someone smile every day,esse praesentium," mfrio H tm"
548,,Live this moment,Aperiam reiciendis neque eveniet unde,baSaeiinitma ienni
846,1 Hour ago,Manifest happiness naturally,"consectetur adipisicing elit. Unde, autem",tn  gruietuta
217,30 Minutes ago,Make mindfulnes,"accusantium excepturi minus, officia et reprehenderit","jspe
ru ibseg a
"
694,2 Minutes ago,Make mindfulnes,"accusantium excepturi minus, officia et reprehenderit",uuemouine
712,10 Days ago,Live this moment,dolor sit amet consectetur,n lleeielde
188,,Lead by example,Magni inventore ea illum nobis amet,dmsbuft
906,2 Minutes ago,Lead by example,esse praesentium,"yttl.L "
930,30 Minutes ago,Be kind,veritatis earum blanditiis maiores fugiat,ninr trt
938,,See the goodness around me,dolorum omnis odit.," e
iussnista"
409,4 Days ago,Live this moment,"accusantium excepturi minus, officia et reprehenderit",iitefae c
114,5 Days ago,Manifest happiness naturally,esse praesentium,cc .cismoaiuitr md
610,10 Days ago,Love unconditionally,dolorum omnis odit.,",d.uiuire"
365,2 Minutes ago,Live this moment,Lorem ipsum dolor sit amet,emqcainv
920,8 Minutes ago,Lead by example,dolor sit amet consectetur,b.r nv p
836,2 Minutes ago,See the goodness around me,veritatis earum blanditiis maiores fugiat,iUeodn jddi
687,13 Days ago,Lead by example,dolorum omnis odit.,"ieerdmsui
aeuds"
939,2 Hours ago,See the goodness around me,"Labore, quae iste"," rma
due"
507,13 Days ago,Be kind,dolorum omnis odit.,ssr.ee i h
362,30 Minutes ago,Love unconditionally,Magni inventore ea illum nobis amet,"ierie, acse"
565,10 Days ago,Manifest happiness naturally,Aperiam reiciendis neque eveniet unde,"c
  emsri ..e"
791,2 Hours ago,Forgive others and myself,dolor sit amet consectetur,"eHLeesetu

d"
635,8 Minutes ago,Make mindfulnes,dolor sit amet consectetur,"iiiagpcstsdav
.l "
169,13 Days ago,Live this moment,Lorem ipsum dolor sit amet,p cieios edtil
442,2 Minutes ago,Lead by example,"Labore, quae iste","domueo ee afoi sd "
881,10 Days ago,Live this moment,Saepe ab illum perferendis.,"  eod usdtetolr"
202,13 Days ago,Be kind,dolor sit amet consectetur," s uet"
754,10 Days ago,Be kind,veniam atque officiis consequuntur pariatur?,"ua pd
rp
upp
"
754,4 Days ago,Live this moment,"Labore, quae iste",ifodne
665,30 Minutes ago,Be kind,veniam atque officiis consequuntur pariatur?," cjoecrneo osu"
734,10 Days ago,Love unconditionally,dolorum omnis odit.,s feio.d
271,2 Hours ago,Forgive others and myself,dolorum omnis odit.,"t
mm d.dcetvhett"
880,,Manifest happiness naturally,"consectetur adipisicing elit. Unde, autem",e.a rrs
577,4 Days ago,Manifest happiness naturally,"consectetur adipisicing elit. Unde, autem",leqnbosu hiau
385,1 Hour ago,Live this moment,esse praesentium,ptlp retmlL
429,30 Minutes ago,See the goodness around me,Saepe ab illum perferendis.,moeumiosaoa
223,,Make mindfulnes,"Labore, quae iste","u tel
s
"
453,5 Days ago,Manifest happiness naturally,veniam atque officiis consequuntur pariatur?,"irp  tiaio  "
525,10 Days ago,Live this moment,Lorem ipsum dolor sit amet,eso.uye
681,5 Days ago,Be kind,"Labore, quae iste",r ieoliyrlsm
914,8 Minutes ago,Love unconditionally,Saepe ab illum perferendis.,"ddiNh,eatugu
"
200,8 Minutes ago,Make someone smile every day,dolorum omnis odit.,ugLmee
635,5 Days ago,Lead by example,"accusantium excepturi minus, officia et reprehenderit",jese d
400,2 Minutes ago,Lead by example,Lorem ipsum dolor sit amet,eanetsclo
777,1 Hour ago,Lead by example,veritatis earum blanditiis maiores fugiat,noutieena
101,5 Days ago,Lead by example,Aperiam reiciendis neque eveniet unde,"
 eenbmi"
345,8 Minutes ago,See the goodness around me,Aperiam reiciendis neque eveniet unde,sliiarsoiay
812,8 Minutes ago,Manifest happiness naturally,Lorem ipsum,"e
 a nuep"
869,4 Days ago,Live this moment,"accusantium excepturi minus, officia et reprehenderit",ue rmlsLealien
590,10 Days ago,See the goodness around me,"adipisicing elit. Nam, dolorem hic?","ertuesi a
ii
"
754,8 Minutes ago,See the goodness around me,Lorem ipsum dolor sit amet,"milpcub

"
194,2 Hours ago,Be kind,dolorum omnis odit.,"untic icet 
.d ee"
465,30 Minutes ago,Make mindfulnes,Lorem ipsum,ur aruelemrt.iu
996,1 Hour ago,Be kind,Lorem ipsum," suojrivn ctLq"
203,10 Days ago,Make mindfulnes,Aperiam reiciendis neque eveniet unde,tr apnmi
320,30 Minutes ago,Be kind,"accusantium excepturi minus, officia et reprehenderit",nemltosie clicif
821,,Love unconditionally,"consectetur adipisicing elit. Unde, autem",rtodarverm ou
128,4 Days ago,Make mindfulnes,veritatis earum blanditiis maiores fugiat,aiuadq
200,4 Days ago,Forgive others and myself,Magni inventore ea illum nobis amet," lm un "
674,2 Hours ago,Forgive others and myself,dolor sit amet consectetur," e.rn d
"
320,8 Minutes ago,Be kind,"adipisicing elit. Nam, dolorem hic?","it
to tidLfneftp"
917,1 Hour ago,Live this moment,veniam atque officiis consequuntur pariatur?," .td
e"
818,8 Minutes ago,See the goodness around me,"Labore, quae iste",etatl uuesmoi
700,8 Minutes ago,Forgive others and myself,"accusantium excepturi minus, officia et reprehenderit",rpiomeuto nt.
450,8 Minutes ago,Love unconditionally,"adipisicing elit. Nam, dolorem hic?",oiffa a alu e
335,1 Hour ago,Forgive others and myself,esse praesentium,t mthsumqae
964,10 Days ago,Lead by example,dolorum omnis odit.,dntddenieei
292,4 Days ago,Make mindfulnes,Lorem ipsum,"Hte.
a .tdlarvds"
408,2 Minutes ago,Love unconditionally,Saepe ab illum perferendis.," i sserse"
652,1 Hour ago,Lead by example,veniam atque officiis consequuntur pariatur?," Llynte tnuvs"
842,8 Minutes ago,Live this moment,"Labore, quae iste",bretaa ne
415,30 Minutes ago,Be kind,dolor sit amet consectetur," 

ttaro "
377,1 Hour ago,Be kind,veritatis earum blanditiis maiores fugiat,"sedttttile
o ci od"
762,4 Days ago,Forgive others and myself,"adipisicing elit. Nam, dolorem hic?"," t onmmseucttr"
810,30 Minutes ago,Make someone smile every day,"consectetur adipisicing elit. Unde, autem",o  diis
391,2 Hours ago,Manifest happiness naturally,Aperiam reiciendis neque eveniet unde,"
iesa lciehaeds"
810,,Be kind,Magni inventore ea illum nobis amet,",saisasi ad ,. "
107,13 Days ago,Love unconditionally,dolorum omnis odit.,"d  md "
779,10 Days ago,Be kind,Lorem ipsum dolor sit amet," 
aans aeaer cete"
356,30 Minutes ago,Lead by example,Saepe ab illum perferendis.,rafoeeeiate
429,5 Days ago,Be kind,"accusantium excepturi minus, officia et reprehenderit",ein nlehx q  oq
268,2 Hours ago,Be kind,"adipisicing elit. Nam, dolorem hic?",uv i l uitcm ee
681,13 Days ago,Lead by example,Lorem ipsum," aaiudrao"
616,4 Days ago,Love unconditionally,Aperiam reiciendis neque eveniet unde,"oa  d
ieftsl
r"
737,10 Days ago,Love unconditionally,"adipisicing elit. Nam, dolorem hic?","tactoiefrsdil "
873,10 Days ago,Make someone smile every day,"adipisicing elit. Nam, dolorem hic?","dleioSi,."
746,8 Minutes ago,Lead by example,"accusantium excepturi minus, officia et reprehenderit",tdmoemdns i
154,8 Minutes ago,Lead by example,"Labore, quae iste",lpmtourdemtnmt
682,8 Minutes ago,See the goodness around me,dolorum omnis odit.,niii cett
825,8 Minutes ago,Love unconditionally,Aperiam reiciendis neque eveniet unde,usamsifdtleichoaoi
260,,Manifest happiness naturally,Aperiam reiciendis neque eveniet unde,"ito
 s eniiannb"
570,4 Days ago,Love unconditionally,Lorem ipsum dolor sit amet,"Layaier "
574,10 Days ago,Manifest happiness naturally,Lorem ipsum dolor sit amet,usscdindmnieoaid
681,,Forgive others and myself,"Labore, quae iste","n i
 
  miuiN"
868,8 Minutes ago,Love unconditionally,"consectetur adipisicing elit. Unde, autem",ncs a i a
476,5 Days ago,Love unconditionally,dolorum omnis odit.,pssuni
686,8 Minutes ago,Manifest happiness naturally,"Labore, quae iste",rreieeneltxl otusr
452,5 Days ago,Live this moment,dolorum omnis odit.,egeiariipun
861,10 Days ago,See the goodness around me,Saepe ab illum perferendis.,inoiuhnimnr s
797,1 Hour ago,Love unconditionally,Aperiam reiciendis neque eveniet unde," ssereeereeotbvn"
249,4 Days ago,See the goodness around me,Aperiam reiciendis neque eveniet unde,"csmmonfravs,s
d"
942,30 Minutes ago,Live this moment,esse praesentium,pieuieesartpa
126,1 Hour ago,Love unconditionally,"adipisicing elit. Nam, dolorem hic?",aoaaerotcapfLi
613,4 Days ago,Make someone smile every day,"Labore, quae iste",me nSi tiaaie cre
900,,Live this moment,veritatis earum blanditiis maiores fugiat,"
ebv
ld"
746,13 Days ago,Make mindfulnes,"Labore, quae iste","inie

 pxv"
303,5 Days ago,Love unconditionally,Saepe ab illum perferendis.,ucelstiied
296,2 Hours ago,Make someone smile every day,"consectetur adipisicing elit. Unde, autem",gett m d eo
193,13 Days ago,Live this moment,veniam atque officiis consequuntur pariatur?," ie
ebil c"
604,30 Minutes ago,Love unconditionally,"accusantium excepturi minus, officia et reprehenderit",iiu mrinsncic
100,30 Minutes ago,Love unconditionally,veritatis earum blanditiis maiores fugiat,niici guq iittn
804,13 Days ago,Live this moment,Magni inventore ea illum nobis amet,"
ensla e
sei "
788,2 Minutes ago,Love unconditionally,Aperiam reiciendis neque eveniet unde,ssrt peine
428,4 Days ago,Love unconditionally,"consectetur adipisicing elit. Unde, autem"," eshNe ousno"
311,4 Days ago,Forgive others and myself,"accusantium excepturi minus, officia et reprehenderit",sseoidiioi es
130,1 Hour ago,Lead by example,"adipisicing elit. Nam, dolorem hic?","d vef
 "
902,8 Minutes ago,Be kind,"adipisicing elit. Nam, dolorem hic?",nnputiiof  iep
538,8 Minutes ago,Make someone smile every day,Saepe ab illum perferendis.,usLsdpts ei
479,8 Minutes ago,Make someone smile every day,Saepe ab illum perferendis.,.rldet
317,1 Hour ago,Make mindfulnes,Lorem ipsum," canneolrt,acr il"
178,4 Days ago,Make someone smile every day,Aperiam reiciendis neque eveniet unde,"miavlaigdavtn "
575,4 Days ago,Be kind,veritatis earum blanditiis maiores fugiat,"ssieucdlth
gnit"
525,10 Days ago,Love unconditionally,Saepe ab illum perferendis.,"beuei
 e ecicss
ii"
684,5 Days ago,Love unconditionally,veritatis earum blanditiis maiores fugiat,"teeteooheesoa  b
b"
811,2 Hours ago,Lead by example,Magni inventore ea illum nobis amet,issiim raevet
279,1 Hour ago,Make mindfulnes,"Labore, quae iste","eiltep
srledno c"
617,10 Days ago,Forgive others and myself,"adipisicing elit. Nam, dolorem hic?","e  nid
"
855,,Manifest happiness naturally,"adipisicing elit. Nam, dolorem hic?",ldni u
454,10 Days ago,Lead by example,veritatis earum blanditiis maiores fugiat,rvoe oinfSi
740,13 Days ago,See the goodness around me,"consectetur adipisicing elit. Unde, autem",doeeoibc
878,1 Hour ago,Forgive others and myself,"accusantium excepturi minus, officia et reprehenderit"," oeeiye,r
le
igil"
814,30 Minutes ago,Love unconditionally,dolor sit amet consectetur," dmsene"
414,8 Minutes ago,Be kind,dolor sit amet consectetur,"ret
iniusren"
614,4 Days ago,Live this moment,Lorem ipsum dolor sit amet,"r
idoghunendleoa"
656,1 Hour ago,Lead by example,esse praesentium,es hd.i
482,,See the goodness around me,Lorem ipsum," . iet uiumcttmo"
473,,Lead by example,"accusantium excepturi minus, officia et reprehenderit"," ivmtcddieios"
676,2 Hours ago,See the goodness around me,Saepe ab illum perferendis.,"p tichoa
tufi"
588,4 Days ago,Make someone smile every day,dolorum omnis odit.," nd
   guvun"
419,5 Days ago,Lead by example,Magni inventore ea illum nobis amet,"pfcdqu f,ns"
238,5 Days ago,Make someone smile every day,Saepe ab illum perferendis.,"oxesatmluiuemdce "
791,2 Minutes ago,Manifest happiness naturally,veniam atque officiis consequuntur pariatur?,Ng siie
565,2 Hours ago,Make mindfulnes,veritatis earum blanditiis maiores fugiat,"  ers "
108,1 Hour ago,Make mindfulnes,"accusantium excepturi minus, officia et reprehenderit","n,rirriHytoerfe
o"
632,2 Minutes ago,Manifest happiness naturally,Saepe ab illum perferendis.,"asbieltr "
701,2 Hours ago,Love unconditionally,veritatis earum blanditiis maiores fugiat,eo.ialii
700,10 Days ago,Love unconditionally,Lorem ipsum dolor sit amet,s remei.  enebssl
793,1 Hour ago,Lead by example,esse praesentium,reL ey nura muHvse
664,30 Minutes ago,Make mindfulnes,dolor sit amet consectetur,asevrtilaai
373,2 Hours ago,Love unconditionally,Lorem ipsum,"nnbatsneot "
940,10 Days ago,Live this moment,Lorem ipsum,iaaden
742,10 Days ago,Love unconditionally,"adipisicing elit. Nam, dolorem hic?",aiiuiioei is
519,30 Minutes ago,Make mindfulnes,Lorem ipsum dolor sit amet,oti regmreemgu
423,5 Days ago,Make mindfulnes,veniam atque officiis consequuntur pariatur?,ieltem
203,10 Days ago,See the goodness around me,"adipisicing elit. Nam, dolorem hic?",otait saeicdeU
909,8 Minutes ago,Be kind,veniam atque officiis consequuntur pariatur?,tnecoisa
679,10 Days ago,Live this moment,esse praesentium,"v
a
 rt  "
713,10 Days ago,Be kind,"consectetur adipisicing elit. Unde, autem","eg
cnbimenfoe"
611,10 Days ago,Love unconditionally,veniam atque officiis consequuntur pariatur?,"sqe
u tnim
ams "
401,1 Hour ago,Forgive others and myself,"accusantium excepturi minus, officia et reprehenderit",emn tec
833,1 Hour ago,Live this moment,veritatis earum blanditiis maiores fugiat,"is a,bnedoii"
298,30 Minutes ago,Live this moment,Aperiam reiciendis neque eveniet unde,"t
irilnl"
264,13 Days ago,Lead by example,veritatis earum blanditiis maiores fugiat,"eeeelunfdf
c"
589,5 Days ago,Forgive others and myself,Saepe ab illum perferendis.,isatpcomiqHltortep
263,,See the goodness around me,"consectetur adipisicing elit. Unde, autem",sccdse eac.u
962,30 Minutes ago,Make mindfulnes,"adipisicing elit. Nam, dolorem hic?",e udien
238,2 Hours ago,Love unconditionally,Saepe ab illum perferendis.,uieNs n
591,10 Days ago,Lead by example,"Labore, quae iste","old efpei
   "
407,30 Minutes ago,Be kind,Magni inventore ea illum nobis amet,eafrtao
300,4 Days ago,Love unconditionally,veritatis earum blanditiis maiores fugiat,ucats.eii
176,,Lead by example,Lorem ipsum dolor sit amet,o s ner.eifmnbeee
407,,Forgive others and myself,"Labore, quae iste",vuditsdeotrtd
621,1 Hour ago,Be kind,"adipisicing elit. Nam, dolorem hic?",icgmcnm ci
430,2 Minutes ago,Love unconditionally,Lorem ipsum,i upcsi
735,4 Days ago,Live this moment,"consectetur adipisicing elit. Unde, autem",ate  li
918,8 Minutes ago,Make mindfulnes,Magni inventore ea illum nobis amet,luluaictoiLrecn
621,13 Days ago,Love unconditionally,"adipisicing elit. Nam, dolorem hic?",ic itsipr ateph
725,30 Minutes ago,Love unconditionally,"accusantium excepturi minus, officia et reprehenderit",cdtsl c  ihsd road
178,,Live this moment,Lorem ipsum,"ueetimrnLet 
tsi"
275,8 Minutes ago,See the goodness around me,dolorum omnis odit.,oiioebdhnoipuom
484,30 Minutes ago,Make mindfulnes,Lorem ipsum," hoa
t otqe,"
991,8 Minutes ago,See the goodness around me,veniam atque officiis consequuntur pariatur?,"tiili "
828,1 Hour ago,Love unconditionally,veniam atque officiis consequuntur pariatur?,"ia aN "
414,2 Minutes ago,Make someone smile every day,Magni inventore ea illum nobis amet,sssmolaird
483,,Manifest happiness naturally,"adipisicing elit. Nam, dolorem hic?","eaeespor,reLn"
604,30 Minutes ago,Forgive others and myself,Lorem ipsum,a aotaaeoi
874,10 Days ago,Forgive others and myself,Aperiam reiciendis neque eveniet unde,"
dlervdit unas"
216,,Love unconditionally,veritatis earum blanditiis maiores fugiat,faa bii
799,,Forgive others and myself,veniam atque officiis consequuntur pariatur?,.i .u fsltevnm
764,13 Days ago,Lead by example,Saepe ab illum perferendis.," 
ubboeniacii"
610,,Make someone smile every day,esse praesentium," rte.Ue t noin
ah "
428,8 Minutes ago,Be kind,Magni inventore ea illum nobis amet,"m uq len,nttto"
957,1 Hour ago,Make someone smile every day,"Labore, quae iste","ieia  
neb.iu,leca"
982,8 Minutes ago,Be kind,Saepe ab illum perferendis.," egrna iiii"
325,10 Days ago,See the goodness around me,"accusantium excepturi minus, officia et reprehenderit",Ncmmrs umaidp
252,4 Days ago,Manifest happiness naturally,veniam atque officiis consequuntur pariatur?,"utndmliuru
io,"
663,2 Minutes ago,Manifest happiness naturally,"consectetur adipisicing elit. Unde, autem","ol
dnuabcemee ev"
477,10 Days ago,Make mindfulnes,Lorem ipsum,"tternnmas
ermel m"
363,8 Minutes ago,Lead by example,Aperiam reiciendis neque eveniet unde,"e oiihrccsmotdc "
883,1 Hour ago,See the goodness around me,esse praesentium,etl  ebmcsuro sptt
964,2 Minutes ago,Lead by example,Saepe ab illum perferendis.,"oqpus nia ei u,"
218,8 Minutes ago,Live this moment,Lorem ipsum dolor sit amet,"ear  a,ediedi
aem"
155,13 Days ago,Make mindfulnes,Lorem ipsum dolor sit amet,"en L..eaiio
"
801,5 Days ago,Manifest happiness naturally,veritatis earum blanditiis maiores fugiat,inpmvog
146,10 Days ago,Live this moment,"consectetur adipisicing elit. Unde, autem",nctoiesd
504,,Be kind,"accusantium excepturi minus, officia et reprehenderit",e ospmuplaeodi
776,30 Minutes ago,Be kind,veniam atque officiis consequuntur pariatur?,onseclLla
362,13 Days ago,Lead by example,"consectetur adipisicing elit. Unde, autem","
iieieiaee"
553,10 Days ago,Love unconditionally,Magni inventore ea illum nobis amet," m tinbp i mnn"
675,10 Days ago,Make mindfulnes,Lorem ipsum,oreoiootbbe riic
955,,Lead by example,esse praesentium,u elit onib
987,2 Hours ago,Make mindfulnes,dolorum omnis odit.,roeormiN.xmeet
885,,See the goodness around me,Lorem ipsum dolor sit amet,"ntyii esimei
sd"
394,2 Hours ago,Manifest happiness naturally,"adipisicing elit. Nam, dolorem hic?",icimrteaai
927,8 Minutes ago,Live this moment,Saepe ab illum perferendis.,mSuites dgges.aiar
103,30 Minutes ago,Live this moment,"consectetur adipisicing elit. Unde, autem","a eareal.n
,imhee"
748,10 Days ago,Love unconditionally,Magni inventore ea illum nobis amet,"t.adrbbsenu
tnyle"
427,30 Minutes ago,Be kind,Saepe ab illum perferendis.,eaueiunmrre p
747,2 Hours ago,Live this moment,Saepe ab illum perferendis.,rn mcecs u.
443,1 Hour ago,Be kind,dolorum omnis odit.,eisein
599,8 Minutes ago,Lead by example,"adipisicing elit. Nam, dolorem hic?",eneodplies
919,13 Days ago,Love unconditionally,veritatis earum blanditiis maiores fugiat,"SeetttdLr,imnnh"
223,2 Minutes ago,Live this moment,veniam atque officiis consequuntur pariatur?,"som ol,er ut"
103,13 Days ago,Be kind,"consectetur adipisicing elit. Unde, autem","allpoeiur
mersmuie"
780,2 Minutes ago,Lead by example,veritatis earum blanditiis maiores fugiat,maeotuone
259,30 Minutes ago,See the goodness around me,"consectetur adipisicing elit. Unde, autem","ruemi
id prjaui"
204,10 Days ago,See the goodness around me,dolor sit amet consectetur,"i 
ieab"
586,13 Days ago,Love unconditionally,Aperiam reiciendis neque eveniet unde,imuaibntia
897,2 Hours ago,Forgive others and myself,esse praesentium,"  oiele"
215,10 Days ago,See the goodness around me,esse praesentium,"mmt sotmfiim "
188,2 Minutes ago,Manifest happiness naturally,esse praesentium," i m rmi
 .sm mtne"
246,13 Days ago,Forgive others and myself,"consectetur adipisicing elit. Unde, autem",nca red ucoss
675,8 Minutes ago,Make mindfulnes,Saepe ab illum perferendis.," ulie p ia"
353,2 Minutes ago,Be kind,"adipisicing elit. Nam, dolorem hic?",ueeeoiefen.
919,4 Days ago,Forgive others and myself,Lorem ipsum,rieaif eumio
864,,Be kind,veniam atque officiis consequuntur pariatur?,tsmiiudmt
443,8 Minutes ago,Forgive others and myself,Lorem ipsum dolor sit amet,lteo fo
473,5 Days ago,See the goodness around me,Saepe ab illum perferendis.,"tueoduco,"
242,8 Minutes ago,Forgive others and myself,"accusantium excepturi minus, officia et reprehenderit","ifan ens
fumteoLc"
945,30 Minutes ago,See the goodness around me,Aperiam reiciendis neque eveniet unde,oamarterm omuoim e
489,10 Days ago,Love unconditionally,"Labore, quae iste","bieuuuptocns 
iu"
902,10 Days ago,Be kind,dolorum omnis odit.,". m ncitiusa  "
918,,Manifest happiness naturally,veniam atque officiis consequuntur pariatur?,ldic brmulnus
690,8 Minutes ago,Manifest happiness naturally,esse praesentium,iruerpddcctcttmni
297,13 Days ago,Make mindfulnes,"consectetur adipisicing elit. Unde, autem",mistLsatictahr
751,,Be kind,Lorem ipsum dolor sit amet," direbe
mbeiad i"
125,2 Minutes ago,Make mindfulnes,"Labore, quae iste","ensn
tcmeeeurrf"
738,5 Days ago,Live this moment,Lorem ipsum dolor sit amet,nmerll
613,2 Hours ago,Make someone smile every day,Aperiam reiciendis neque eveniet unde,"  yio  me ommm ic"
570,4 Days ago,Love unconditionally,"adipisicing elit. Nam, dolorem hic?",lfdegi fqeoa e
445,4 Days ago,Make someone smile every day,esse praesentium,serit nlpmem
446,1 Hour ago,Make mindfulnes,Lorem ipsum dolor sit amet,isi ei
357,2 Hours ago,Be kind,veritatis earum blanditiis maiores fugiat,"dclilneons ttop,"
939,2 Minutes ago,Be kind,dolorum omnis odit.,eeNeid rdmnesboe
707,,Make someone smile every day,dolorum omnis odit.,eoil tpsrceno
176,2 Minutes ago,Be kind,Aperiam reiciendis neque eveniet unde,"
 xft moih. m"
964,1 Hour ago,Love unconditionally,Lorem ipsum,oatiiil
628,2 Hours ago,Be kind,esse praesentium,"aoa a
mcl"
875,2 Minutes ago,See the goodness around me,dolorum omnis odit.,i .oriioLn n
688,10 Days ago,Love unconditionally,"consectetur adipisicing elit. Unde, autem"," sudninnmpiar "
430,4 Days ago,Forgive others and myself,Saepe ab illum perferendis.,io ltes
674,2 Minutes ago,Forgive others and myself,esse praesentium,L m cgeset celt i
192,13 Days ago,Make mindfulnes,dolorum omnis odit.,"Lstirts,arras"
118,8 Minutes ago,Make mindfulnes,"adipisicing elit. Nam, dolorem hic?",ed cmcms
843,,See the goodness around me,veniam atque officiis consequuntur pariatur?,"df
pr et dh mipns"
831,5 Days ago,Make someone smile every day,"Labore, quae iste","tig m
r "
517,8 Minutes ago,Make mindfulnes,"consectetur adipisicing elit. Unde, autem","
miomio,uu
"
981,,See the goodness around me,Saepe ab illum perferendis.,"
ecaanermdc"
672,1 Hour ago,Live this moment,Magni inventore ea illum nobis amet," uiild iiueengedie"
678,10 Days ago,Make someone smile every day,dolor sit amet consectetur,"asieim
doetealoip"
612,1 Hour ago,Manifest happiness naturally,veritatis earum blanditiis maiores fugiat,"si
oiaateia"
498,10 Days ago,Live this moment,"consectetur adipisicing elit. Unde, autem","s
uaie"
228,10 Days ago,Lead by example,"adipisicing elit. Nam, dolorem hic?","siieu.eimsaa 
im"
738,,See the goodness around me,"adipisicing elit. Nam, dolorem hic?","lto
ms laroorth"
284,5 Days ago,Make someone smile every day,veritatis earum blanditiis maiores fugiat,iinn isi
160,2 Hours ago,Manifest happiness naturally,Lorem ipsum,"tsa t
dsl "
873,13 Days ago,See the goodness around me,veniam atque officiis consequuntur pariatur?,eeexi ld
720,30 Minutes ago,Live this moment,dolor sit amet consectetur,"ibu
cpotfi ntpe"
588,4 Days ago,Live this moment,veritatis earum blanditiis maiores fugiat,"fsempmie
"
256,30 Minutes ago,Love unconditionally,Lorem ipsum dolor sit amet,maaiLsoogmaa.
553,4 Days ago,Make mindfulnes,"Labore, quae iste",i igbn tiii.
325,1 Hour ago,Make someone smile every day,veniam atque officiis consequuntur pariatur?,neue ies tlgo
398,2 Minutes ago,Manifest happiness naturally,Lorem ipsum,"e
lfmen ridettlbns"
976,30 Minutes ago,Live this moment,Lorem ipsum,eocnnot
992,,Love unconditionally,dolor sit amet consectetur,"i
im.ettamumt"
783,4 Days ago,Love unconditionally,Lorem ipsum,"tdie
tad"
319,8 Minutes ago,Manifest happiness naturally,"adipisicing elit. Nam, dolorem hic?","pehe seiinuco  "
670,2 Minutes ago,Forgive others and myself,Lorem ipsum,"aapr
edp"
128,30 Minutes ago,Live this moment,Aperiam reiciendis neque eveniet unde,"mat. laadqi
"
872,4 Days ago,Lead by example,"Labore, quae iste",eooieneppun
521,5 Days ago,Forgive others and myself,dolorum omnis odit.,ttiffr ldoo
251,10 Days ago,Lead by example,Magni inventore ea illum nobis amet,"er tiee,"
649,2 Minutes ago,See the goodness around me,"Labore, quae iste",hnuotseptmt
947,,Love unconditionally,dolor sit amet consectetur,"jiremtfet np
irda"
952,1 Hour ago,Lead by example,Lorem ipsum dolor sit amet,li .isei
162,2 Hours ago,See the goodness around me,Aperiam reiciendis neque eveniet unde,fehnisaeecee i o
826,8 Minutes ago,Forgive others and myself,Saepe ab illum perferendis.,"oi,gilunenn
eoem "
145,13 Days ago,Make someone smile every day,dolorum omnis odit.,enduemeicidiomi
640,2 Minutes ago,Forgive others and myself,"accusantium excepturi minus, officia et reprehenderit","uaogs "
208,13 Days ago,Forgive others and myself,"Labore, quae iste","
icrtmgntvneqva "
999,4 Days ago,Live this moment,"Labore, quae iste",i .tmer
717,2 Hours ago,Lead by example,"accusantium excepturi minus, officia et reprehenderit",antSifmumrn
385,4 Days ago,Make mindfulnes,dolorum omnis odit.,ttmi mitsfato
647,13 Days ago,Be kind,Saepe ab illum perferendis.,iiteje .omimscese
564,30 Minutes ago,Live this moment,"consectetur adipisicing elit. Unde, autem","ru eescal
ehee"
522,2 Hours ago,Lead by example,Magni inventore ea illum nobis amet,"art,l
uuleeertts."
167,30 Minutes ago,Lead by example,Saepe ab illum perferendis.,"aas tL "
955,10 Days ago,Make someone smile every day,Lorem ipsum,udta ppi
356,13 Days ago,Manifest happiness naturally,"adipisicing elit. Nam, dolorem hic?",amsaoenlaout
852,1 Hour ago,Live this moment,dolor sit amet consectetur,meuvdu
286,,Manifest happiness naturally,"Labore, quae iste",adduieimaer
361,10 Days ago,Forgive others and myself,"accusantium excepturi minus, officia et reprehenderit",traddt..o
426,13 Days ago,Live this moment,Lorem ipsum dolor sit amet,riiadmaobiseeti
178,13 Days ago,See the goodness around me,Lorem ipsum,tiseeimrrin ut
790,5 Days ago,Lead by example,Lorem ipsum,"o
es
ns emhpee"
133,5 Days ago,See the goodness around me,dolor sit amet consectetur,"reu 
 lsi"
786,,Make mindfulnes,dolorum omnis odit.," eptsni"
618,4 Days ago,Make mindfulnes,"accusantium excepturi minus, officia et reprehenderit"," irria"
931,8 Minutes ago,Lead by example,Magni inventore ea illum nobis amet,"oscrehaci "
126,4 Days ago,Be kind,Aperiam reiciendis neque eveniet unde,meelrimgn
221,2 Hours ago,Be kind,veniam atque officiis consequuntur pariatur?,"m
ucrupsUsbd"
948,5 Days ago,Love unconditionally,dolor sit amet consectetur,"itaLou "
693,4 Days ago,Manifest happiness naturally,esse praesentium,d ssidvtdmedm
414,,Manifest happiness naturally,Lorem ipsum,ihLn.aiHei
761,2 Minutes ago,Forgive others and myself,Lorem ipsum dolor sit amet,"p
dauht"
131,5 Days ago,Make mindfulnes,dolor sit amet consectetur,"errteeic
cta. sgio"
680,2 Minutes ago,Live this moment,Saepe ab illum perferendis.,"ameqi ,"
980,,Manifest happiness naturally,dolor sit amet consectetur,nafurtttp i
680,10 Days ago,Be kind,"adipisicing elit. Nam, dolorem hic?",pam na jaLtitpn as
107,8 Minutes ago,Love unconditionally,"accusantium excepturi minus, officia et reprehenderit",tuimoeiir
521,8 Minutes ago,See the goodness around me,veritatis earum blanditiis maiores fugiat,ritaluaf
459,1 Hour ago,Live this moment,"Labore, quae iste","jsntduan
e"
442,8 Minutes ago,Be kind,dolorum omnis odit.,"ieulf "
304,30 Minutes ago,Be kind,Saepe ab illum perferendis.,"apaae  i h
ivees"
923,,Live this moment,esse praesentium," odnm
"
217,5 Days ago,Live this moment,Lorem ipsum dolor sit amet,"uinuoi r "
437,4 Days ago,Lead by example,"Labore, quae iste",fund  uhd