id,date,intention,standard_question,standard_answer
1,10 Days ago,Manifest,Lorem ipsum dolor sit amet,pe ab illum reiciendis neque eveniet unde
2,13 Days ago,Be kind,veniam atque officiis consequuntur pariatur?,pe ab illum esse praesentium
3,13 Days ago,Make someone smile every day,accusantium excepturi minus officia et reprehenderit,accusantium excepturi minus officia et reprehenderit
4,1 Hour ago,Make mindfulnes,Magni inventore ea illum nobis amet,accusantium excepturi minus officia et reprehenderit
5,2 Minutes ago,Make someone smile every day,adipisicing elit. Nam dolorem hic?,illum dolorum omnis odit
6,10 Days ago,Live this moment,veniam atque officiis consequuntur pariatur?,adipisicing elit Nam
7,8 Minutes ago,Make mindfulnes,Aperiam reiciendis neque eveniet unde,inventore ea illum nobis amet
8,2 Minutes ago,Make mindfulnes,Saepe ab illum perferendis.,inventore ea illum nobis amet
9,2 Hours ago,See the goodness around me,Aperiam reiciendis neque eveniet unde,pe ab illum dolor sit amet consectetur
10,5 Days ago,Lead by example,Magni inventore ea illum nobis amet,Saepe ab illum perferendis
11,2 Hours ago,See the goodness around me,veritatis earum blanditiis maiores fugiat,inventore ea illum nobis amet
12,2 Minutes ago,Be kind,adipisicing elit. Nam dolorem hic?,accusantium excepturi minus officia et reprehenderit
13,10 Days ago,Manifest,accusantium excepturi minus officia et reprehenderit,adipisicing elit Nam
14,10 Days ago,Make someone smile every day,veritatis earum blanditiis maiores fugiat,adipisicing elit Nam
15,5 Days ago,Forgive others and myself,accusantium excepturi minus officia et reprehenderit,illum dolorum omnis odit
16,1 Hour ago,Manifest,dolor sit amet consectetur,esse praesentium
17,30 Minutes ago,Happiness naturally,dolor sit amet consectetur,yabk labore quae iste
18,4 Days ago,Manifest,Lorem ipsum dolor sit amet,pe ab illum Saepe ab illum perferendis
19,10 Days ago,Make mindfulnes,accusantium excepturi minus officia et reprehenderit,adipisicing elit Nam
20,5 Days ago,Lead by example,Saepe ab illum perferendis.,hai veritatis earum blanditiis maiores fugiat yahsdn
21,5 Days ago,Be kind,veniam atque officiis consequuntur pariatur?,yabk labore quae iste
22,30 Minutes ago,Happiness naturally,adipisicing elit. Nam dolorem hic?,esse praesentium
23,4 Days ago,Forgive others and myself,Aperiam reiciendis neque eveniet unde,adipisicing elit Nam
24,2 Hours ago,Lead by example,dolor sit amet consectetur,adipisicing elit Nam
25,5 Days ago,Live this moment,dolorum omnis odit.,pe ab illum esse praesentium
26,2 Hours ago,See the goodness around me,Lorem ipsum,esse praesentium
27,1 Hour ago,Make someone smile every day,accusantium excepturi minus officia et reprehenderit,illum dolorum omnis odit
28,10 Days ago,Love unconditionally,Lorem ipsum dolor sit amet,Saepe ab illum perferendis
29,8 Minutes ago,Manifest,Magni inventore ea illum nobis amet,illum dolorum omnis odit
30,8 Minutes ago,Live this moment,Lorem ipsum,Lorem ipsum
31,10 Days ago,Make mindfulnes,Saepe ab illum perferendis.,yabk labore quae iste
32,8 Minutes ago,Love unconditionally,Lorem ipsum,adipisicing elit Nam
33,30 Minutes ago,Live this moment,consectetur adipisicing elit Unde autem,illum dolorum omnis odit
34,2 Hours ago,Lead by example,veritatis earum blanditiis maiores fugiat,dolor sit amet consectetur
35,4 Days ago,See the goodness around me,Saepe ab illum perferendis.,reiciendis neque eveniet unde
36,30 Minutes ago,Love unconditionally,Magni inventore ea illum nobis amet,esse praesentium
37,5 Days ago,Make someone smile every day,dolor sit amet consectetur,pe ab illum esse praesentium
38,13 Days ago,Happiness naturally,dolorum omnis odit.,Lorem ipsum
39,2 Hours ago,Make mindfulnes,Saepe ab illum perferendis.,pe ab illum reiciendis neque eveniet unde
40,10 Days ago,Love unconditionally,accusantium excepturi minus officia et reprehenderit,jashd consectetur adipisicing elit autem
41,4 Days ago,Love unconditionally,Saepe ab illum perferendis.,pe ab illum esse praesentium
42,5 Days ago,Love unconditionally,adipisicing elit. Nam dolorem hic?,Saepe ab illum perferendis
43,8 Minutes ago,See the goodness around me,Aperiam reiciendis neque eveniet unde,inventore ea illum nobis amet
44,13 Days ago,Happiness naturally,esse praesentium,yabk labore quae iste
45,10 Days ago,Lead by example,adipisicing elit. Nam dolorem hic?,illum dolorum omnis odit
46,4 Days ago,Lead by example,Lorem ipsum,pe ab illum Saepe ab illum perferendis
47,1 Hour ago,Forgive others and myself,dolor sit amet consectetur,esse praesentium
48,5 Days ago,Happiness naturally,veniam atque officiis consequuntur pariatur?,yabk labore quae iste
49,4 Days ago,Lead by example,Saepe ab illum perferendis.,adipisicing elit Nam
50,10 Days ago,Lead by example,dolorum omnis odit.,adipisicing elit Nam
51,2 Minutes ago,Make someone smile every day,dolorum omnis odit.,dolorum omnis odit
52,2 Hours ago,Make someone smile every day,veritatis earum blanditiis maiores fugiat,Saepe ab illum perferendis
53,4 Days ago,Happiness naturally,consectetur adipisicing elit Unde autem,yabk labore quae iste
54,5 Days ago,Make someone smile every day,Lorem ipsum,illum dolorum omnis odit
55,5 Days ago,Live this moment,esse praesentium,dolor sit amet consectetur
56,8 Minutes ago,Lead by example,veniam atque officiis consequuntur pariatur?,pe ab illum Saepe ab illum perferendis
57,2 Minutes ago,Lead by example,esse praesentium,inventore ea illum nobis amet
58,1 Hour ago,Be kind,esse praesentium,Lorem ipsum
59,4 Days ago,Love unconditionally,Lorem ipsum dolor sit amet,esse praesentium
60,8 Minutes ago,Be kind,adipisicing elit. Nam dolorem hic?,accusantium excepturi minus officia et reprehenderit
61,2 Hours ago,See the goodness around me,Aperiam reiciendis neque eveniet unde,hai veritatis earum blanditiis maiores fugiat yahsdn
62,10 Days ago,Be kind,veritatis earum blanditiis maiores fugiat,Lorem ipsum
63,8 Minutes ago,Forgive others and myself,Lorem ipsum,Lorem ipsum
64,13 Days ago,See the goodness around me,Lorem ipsum dolor sit amet,Saepe ab illum perferendis
65,13 Days ago,Love unconditionally,Aperiam reiciendis neque eveniet unde,adipisicing elit Nam
66,30 Minutes ago,Make someone smile every day,veniam atque officiis consequuntur pariatur?,reiciendis neque eveniet unde
67,5 Days ago,Lead by example,veritatis earum blanditiis maiores fugiat,reiciendis neque eveniet unde
68,2 Hours ago,Manifest,veritatis earum blanditiis maiores fugiat,reiciendis neque eveniet unde
69,2 Hours ago,Love unconditionally,accusantium excepturi minus officia et reprehenderit,inventore ea illum nobis amet
70,2 Hours ago,Live this moment,veritatis earum blanditiis maiores fugiat,inventore ea illum nobis amet
71,30 Minutes ago,Forgive others and myself,dolor sit amet consectetur,Saepe ab illum perferendis
72,13 Days ago,Love unconditionally,Saepe ab illum perferendis.,inventore ea illum nobis amet
73,1 Hour ago,Happiness naturally,veniam atque officiis consequuntur pariatur?,pe ab illum Saepe ab illum perferendis
74,1 Hour ago,Happiness naturally,Aperiam reiciendis neque eveniet unde,Lorem ipsum
75,10 Days ago,Make mindfulnes,veritatis earum blanditiis maiores fugiat,pe ab illum dolor sit amet consectetur
76,5 Days ago,Manifest,Saepe ab illum perferendis.,Lorem ipsum
77,8 Minutes ago,Lead by example,veniam atque officiis consequuntur pariatur?,yabk labore quae iste
78,1 Hour ago,Make someone smile every day,consectetur adipisicing elit Unde autem,esse praesentium
79,2 Minutes ago,Make someone smile every day,accusantium excepturi minus officia et reprehenderit,Saepe ab illum perferendis
80,10 Days ago,Forgive others and myself,Lorem ipsum,pe ab illum reiciendis neque eveniet unde
81,8 Minutes ago,Happiness naturally,Lorem ipsum,yabk labore quae iste
82,30 Minutes ago,Make mindfulnes,Lorem ipsum dolor sit amet,hai veritatis earum blanditiis maiores fugiat yahsdn
83,8 Minutes ago,Happiness naturally,Saepe ab illum perferendis.,pe ab illum esse praesentium
84,2 Minutes ago,Make mindfulnes,veniam atque officiis consequuntur pariatur?,jashd consectetur adipisicing elit autem
85,2 Minutes ago,Be kind,adipisicing elit. Nam dolorem hic?,accusantium excepturi minus officia et reprehenderit
86,13 Days ago,Make someone smile every day,Saepe ab illum perferendis.,adipisicing elit Nam
87,30 Minutes ago,Be kind,accusantium excepturi minus officia et reprehenderit,Lorem ipsum
88,13 Days ago,Make mindfulnes,dolorum omnis odit.,dolor sit amet consectetur
89,30 Minutes ago,Make mindfulnes,Lorem ipsum dolor sit amet,pe ab illum Saepe ab illum perferendis
90,5 Days ago,Manifest,dolorum omnis odit.,yabk labore quae iste
91,8 Minutes ago,Make someone smile every day,dolorum omnis odit.,Lorem ipsum
92,5 Days ago,Lead by example,veritatis earum blanditiis maiores fugiat,adipisicing elit Nam
93,30 Minutes ago,Happiness naturally,Lorem ipsum dolor sit amet,jashd consectetur adipisicing elit autem
94,2 Hours ago,Be kind,accusantium excepturi minus officia et reprehenderit,pe ab illum esse praesentium
95,10 Days ago,Live this moment,Labore quae iste,hai veritatis earum blanditiis maiores fugiat yahsdn
96,10 Days ago,Forgive others and myself,adipisicing elit. Nam dolorem hic?,Saepe ab illum perferendis
97,13 Days ago,Love unconditionally,dolorum omnis odit.,dolor sit amet consectetur
98,8 Minutes ago,See the goodness around me,dolor sit amet consectetur,yabk labore quae iste
99,1 Hour ago,Live this moment,Lorem ipsum,dolor sit amet consectetur
100,2 Hours ago,See the goodness around me,veniam atque officiis consequuntur pariatur?,pe ab illum dolor sit amet consectetur
101,10 Days ago,Lead by example,adipisicing elit. Nam dolorem hic?,dolorum omnis odit
102,13 Days ago,Happiness naturally,esse praesentium,pe ab illum reiciendis neque eveniet unde
103,30 Minutes ago,Live this moment,dolorum omnis odit.,reiciendis neque eveniet unde
104,13 Days ago,Make someone smile every day,Aperiam reiciendis neque eveniet unde,yabk labore quae iste
105,5 Days ago,Be kind,veritatis earum blanditiis maiores fugiat,dolorum omnis odit
106,10 Days ago,Love unconditionally,accusantium excepturi minus officia et reprehenderit,yabk labore quae iste
107,10 Days ago,Manifest,dolor sit amet consectetur,Lorem ipsum
108,1 Hour ago,See the goodness around me,veniam atque officiis consequuntur pariatur?,Lorem ipsum
109,10 Days ago,Forgive others and myself,Labore quae iste,reiciendis neque eveniet unde
110,13 Days ago,Live this moment,Saepe ab illum perferendis.,inventore ea illum nobis amet
111,10 Days ago,Forgive others and myself,Magni inventore ea illum nobis amet,illum dolorum omnis odit
112,5 Days ago,See the goodness around me,esse praesentium,inventore ea illum nobis amet
113,5 Days ago,Be kind,Magni inventore ea illum nobis amet,pe ab illum Saepe ab illum perferendis
114,1 Hour ago,Love unconditionally,Lorem ipsum dolor sit amet,pe ab illum Saepe ab illum perferendis
115,2 Minutes ago,Make mindfulnes,dolorum omnis odit.,pe ab illum Saepe ab illum perferendis
116,10 Days ago,Be kind,dolorum omnis odit.,adipisicing elit Nam
117,13 Days ago,Manifest,Lorem ipsum dolor sit amet,accusantium excepturi minus officia et reprehenderit
118,4 Days ago,Make mindfulnes,adipisicing elit. Nam dolorem hic?,illum dolorum omnis odit
119,2 Minutes ago,Love unconditionally,Magni inventore ea illum nobis amet,inventore ea illum nobis amet
120,1 Hour ago,Forgive others and myself,veniam atque officiis consequuntur pariatur?,esse praesentium
121,4 Days ago,Lead by example,Lorem ipsum dolor sit amet,dolor sit amet consectetur
122,2 Hours ago,Forgive others and myself,esse praesentium,dolor sit amet consectetur
123,13 Days ago,Happiness naturally,esse praesentium,inventore ea illum nobis amet
124,10 Days ago,Manifest,Labore quae iste,Lorem ipsum
125,1 Hour ago,Live this moment,Lorem ipsum dolor sit amet,pe ab illum Saepe ab illum perferendis
126,1 Hour ago,Be kind,consectetur adipisicing elit Unde autem,pe ab illum Saepe ab illum perferendis
127,4 Days ago,Love unconditionally,adipisicing elit. Nam dolorem hic?,Hello lorem ipsum dolor sit amet
128,2 Hours ago,See the goodness around me,consectetur adipisicing elit Unde autem,inventore ea illum nobis amet
129,2 Hours ago,Make someone smile every day,accusantium excepturi minus officia et reprehenderit,Lorem ipsum
130,10 Days ago,Make mindfulnes,Magni inventore ea illum nobis amet,reiciendis neque eveniet unde
131,4 Days ago,Be kind,dolor sit amet consectetur,Hello lorem ipsum dolor sit amet
132,8 Minutes ago,See the goodness around me,Saepe ab illum perferendis.,adipisicing elit Nam
133,13 Days ago,Manifest,adipisicing elit. Nam dolorem hic?,dolorum omnis odit
134,8 Minutes ago,Be kind,esse praesentium,reiciendis neque eveniet unde
135,13 Days ago,Be kind,Saepe ab illum perferendis.,reiciendis neque eveniet unde
136,4 Days ago,Manifest,dolor sit amet consectetur,pe ab illum reiciendis neque eveniet unde
137,5 Days ago,Live this moment,consectetur adipisicing elit Unde autem,dolor sit amet consectetur
138,10 Days ago,Make someone smile every day,dolorum omnis odit.,Hello lorem ipsum dolor sit amet
139,8 Minutes ago,Live this moment,Aperiam reiciendis neque eveniet unde,Hello lorem ipsum dolor sit amet
140,2 Minutes ago,Be kind,accusantium excepturi minus officia et reprehenderit,accusantium excepturi minus officia et reprehenderit
141,5 Days ago,Make someone smile every day,accusantium excepturi minus officia et reprehenderit,pe ab illum reiciendis neque eveniet unde
142,10 Days ago,Be kind,veritatis earum blanditiis maiores fugiat,yabk labore quae iste
143,2 Hours ago,Forgive others and myself,Labore quae iste,pe ab illum Saepe ab illum perferendis
144,10 Days ago,Make someone smile every day,accusantium excepturi minus officia et reprehenderit,reiciendis neque eveniet unde
145,10 Days ago,See the goodness around me,accusantium excepturi minus officia et reprehenderit,Saepe ab illum perferendis
146,4 Days ago,Happiness naturally,dolor sit amet consectetur,adipisicing elit Nam
147,5 Days ago,Make someone smile every day,adipisicing elit. Nam dolorem hic?,yabk labore quae iste
148,13 Days ago,Make someone smile every day,Saepe ab illum perferendis.,pe ab illum esse praesentium
149,5 Days ago,Manifest,dolorum omnis odit.,pe ab illum reiciendis neque eveniet unde
150,2 Hours ago,Love unconditionally,Saepe ab illum perferendis.,Lorem ipsum
151,30 Minutes ago,Make mindfulnes,veniam atque officiis consequuntur pariatur?,pe ab illum esse praesentium
152,8 Minutes ago,Happiness naturally,Magni inventore ea illum nobis amet,accusantium excepturi minus officia et reprehenderit
153,2 Minutes ago,See the goodness around me,accusantium excepturi minus officia et reprehenderit,hai veritatis earum blanditiis maiores fugiat yahsdn
154,10 Days ago,Love unconditionally,accusantium excepturi minus officia et reprehenderit,esse praesentium
155,4 Days ago,Lead by example,consectetur adipisicing elit Unde autem,esse praesentium
156,10 Days ago,Make someone smile every day,Lorem ipsum dolor sit amet,Lorem ipsum
157,30 Minutes ago,Make mindfulnes,Labore quae iste,dolorum omnis odit
158,10 Days ago,Be kind,Lorem ipsum dolor sit amet,reiciendis neque eveniet unde
159,8 Minutes ago,Make mindfulnes,accusantium excepturi minus officia et reprehenderit,illum dolorum omnis odit
160,5 Days ago,Be kind,Lorem ipsum dolor sit amet,adipisicing elit Nam
161,8 Minutes ago,See the goodness around me,consectetur adipisicing elit Unde autem,accusantium excepturi minus officia et reprehenderit
162,1 Hour ago,Happiness naturally,veritatis earum blanditiis maiores fugiat,Saepe ab illum perferendis
163,13 Days ago,Love unconditionally,esse praesentium,jashd consectetur adipisicing elit autem
164,5 Days ago,See the goodness around me,dolor sit amet consectetur,adipisicing elit Nam
165,30 Minutes ago,Happiness naturally,Aperiam reiciendis neque eveniet unde,Saepe ab illum perferendis
166,2 Minutes ago,Lead by example,Labore quae iste,Lorem ipsum
167,5 Days ago,Lead by example,Magni inventore ea illum nobis amet,jashd consectetur adipisicing elit autem
168,2 Minutes ago,Live this moment,dolor sit amet consectetur,Lorem ipsum
169,30 Minutes ago,Love unconditionally,consectetur adipisicing elit Unde autem,esse praesentium
170,10 Days ago,Make someone smile every day,dolor sit amet consectetur,Hello lorem ipsum dolor sit amet
171,2 Hours ago,Lead by example,Aperiam reiciendis neque eveniet unde,pe ab illum dolor sit amet consectetur
172,4 Days ago,Manifest,Lorem ipsum dolor sit amet,pe ab illum reiciendis neque eveniet unde
173,10 Days ago,Lead by example,Magni inventore ea illum nobis amet,pe ab illum esse praesentium
174,10 Days ago,Manifest,dolorum omnis odit.,illum dolorum omnis odit
175,13 Days ago,Manifest,Lorem ipsum,Saepe ab illum perferendis
176,8 Minutes ago,Live this moment,Magni inventore ea illum nobis amet,accusantium excepturi minus officia et reprehenderit
177,30 Minutes ago,Forgive others and myself,Lorem ipsum dolor sit amet,pe ab illum Saepe ab illum perferendis
178,4 Days ago,Forgive others and myself,consectetur adipisicing elit Unde autem,dolorum omnis odit
179,10 Days ago,Happiness naturally,Lorem ipsum dolor sit amet,pe ab illum esse praesentium
180,5 Days ago,Live this moment,Lorem ipsum dolor sit amet,dolor sit amet consectetur
181,8 Minutes ago,Happiness naturally,Labore quae iste,adipisicing elit Nam
182,4 Days ago,Love unconditionally,Lorem ipsum dolor sit amet,pe ab illum esse praesentium
183,1 Hour ago,Happiness naturally,esse praesentium,adipisicing elit Nam
184,1 Hour ago,Make mindfulnes,Lorem ipsum dolor sit amet,dolor sit amet consectetur
185,13 Days ago,Forgive others and myself,veritatis earum blanditiis maiores fugiat,Saepe ab illum perferendis
186,13 Days ago,See the goodness around me,adipisicing elit. Nam dolorem hic?,reiciendis neque eveniet unde
187,8 Minutes ago,Make mindfulnes,consectetur adipisicing elit Unde autem,inventore ea illum nobis amet
188,10 Days ago,Happiness naturally,Labore quae iste,pe ab illum Saepe ab illum perferendis
189,8 Minutes ago,Happiness naturally,dolorum omnis odit.,yabk labore quae iste
190,2 Hours ago,Make mindfulnes,Aperiam reiciendis neque eveniet unde,hai veritatis earum blanditiis maiores fugiat yahsdn
191,2 Hours ago,Make someone smile every day,dolor sit amet consectetur,illum dolorum omnis odit
192,4 Days ago,Love unconditionally,esse praesentium,dolorum omnis odit
193,30 Minutes ago,Be kind,Saepe ab illum perferendis.,yabk labore quae iste
194,8 Minutes ago,Be kind,Labore quae iste,reiciendis neque eveniet unde
195,10 Days ago,Make someone smile every day,Aperiam reiciendis neque eveniet unde,Hello lorem ipsum dolor sit amet
196,30 Minutes ago,See the goodness around me,dolor sit amet consectetur,pe ab illum Saepe ab illum perferendis
197,2 Hours ago,Forgive others and myself,esse praesentium,inventore ea illum nobis amet
198,2 Hours ago,Forgive others and myself,Lorem ipsum,dolorum omnis odit
199,13 Days ago,Manifest,esse praesentium,inventore ea illum nobis amet
200,2 Minutes ago,Happiness naturally,Saepe ab illum perferendis.,Saepe ab illum perferendis
201,4 Days ago,Live this moment,Saepe ab illum perferendis.,hai veritatis earum blanditiis maiores fugiat yahsdn
202,1 Hour ago,Forgive others and myself,veniam atque officiis consequuntur pariatur?,pe ab illum Saepe ab illum perferendis
203,8 Minutes ago,Happiness naturally,dolorum omnis odit.,Lorem ipsum
204,10 Days ago,Lead by example,veniam atque officiis consequuntur pariatur?,hai veritatis earum blanditiis maiores fugiat yahsdn
205,2 Minutes ago,Love unconditionally,dolorum omnis odit.,inventore ea illum nobis amet
206,2 Minutes ago,Make someone smile every day,dolorum omnis odit.,pe ab illum esse praesentium
207,2 Hours ago,Lead by example,veritatis earum blanditiis maiores fugiat,esse praesentium
208,2 Hours ago,See the goodness around me,Saepe ab illum perferendis.,reiciendis neque eveniet unde
209,2 Hours ago,Make mindfulnes,Magni inventore ea illum nobis amet,dolor sit amet consectetur
210,1 Hour ago,Manifest,Saepe ab illum perferendis.,adipisicing elit Nam
211,13 Days ago,Be kind,veritatis earum blanditiis maiores fugiat,illum dolorum omnis odit
212,1 Hour ago,Be kind,dolorum omnis odit.,adipisicing elit Nam
213,1 Hour ago,Manifest,dolor sit amet consectetur,esse praesentium
214,4 Days ago,Manifest,veniam atque officiis consequuntur pariatur?,Saepe ab illum perferendis
215,1 Hour ago,Forgive others and myself,veritatis earum blanditiis maiores fugiat,Lorem ipsum
216,2 Minutes ago,Happiness naturally,veritatis earum blanditiis maiores fugiat,yabk labore quae iste
217,10 Days ago,Manifest,veniam atque officiis consequuntur pariatur?,Saepe ab illum perferendis
218,10 Days ago,Make someone smile every day,Aperiam reiciendis neque eveniet unde,accusantium excepturi minus officia et reprehenderit
219,1 Hour ago,Love unconditionally,Aperiam reiciendis neque eveniet unde,jashd consectetur adipisicing elit autem
220,1 Hour ago,Love unconditionally,esse praesentium,pe ab illum dolor sit amet consectetur
221,10 Days ago,Make mindfulnes,esse praesentium,pe ab illum dolor sit amet consectetur
222,5 Days ago,See the goodness around me,Lorem ipsum dolor sit amet,yabk labore quae iste
223,8 Minutes ago,Make someone smile every day,Magni inventore ea illum nobis amet,Lorem ipsum
224,2 Minutes ago,Happiness naturally,esse praesentium,pe ab illum dolor sit amet consectetur
225,30 Minutes ago,Make mindfulnes,esse praesentium,pe ab illum Saepe ab illum perferendis
226,1 Hour ago,Manifest,dolor sit amet consectetur,pe ab illum dolor sit amet consectetur
227,8 Minutes ago,Make mindfulnes,Lorem ipsum dolor sit amet,dolorum omnis odit
228,2 Minutes ago,Make someone smile every day,Magni inventore ea illum nobis amet,inventore ea illum nobis amet
229,4 Days ago,Forgive others and myself,esse praesentium,Lorem ipsum
230,2 Hours ago,Make someone smile every day,Labore quae iste,Lorem ipsum
231,13 Days ago,Live this moment,veritatis earum blanditiis maiores fugiat,pe ab illum Saepe ab illum perferendis
232,1 Hour ago,Be kind,esse praesentium,inventore ea illum nobis amet
233,30 Minutes ago,Live this moment,esse praesentium,adipisicing elit Nam
234,2 Minutes ago,Make someone smile every day,Lorem ipsum,pe ab illum dolor sit amet consectetur
235,4 Days ago,See the goodness around me,Magni inventore ea illum nobis amet,Lorem ipsum
236,4 Days ago,Forgive others and myself,Lorem ipsum dolor sit amet,Lorem ipsum
237,5 Days ago,Happiness naturally,veritatis earum blanditiis maiores fugiat,reiciendis neque eveniet unde
238,2 Minutes ago,Make mindfulnes,veritatis earum blanditiis maiores fugiat,esse praesentium
239,30 Minutes ago,Happiness naturally,Magni inventore ea illum nobis amet,yabk labore quae iste
240,2 Hours ago,Forgive others and myself,Lorem ipsum dolor sit amet,Lorem ipsum
241,5 Days ago,Forgive others and myself,veritatis earum blanditiis maiores fugiat,pe ab illum dolor sit amet consectetur
242,13 Days ago,Live this moment,adipisicing elit. Nam dolorem hic?,inventore ea illum nobis amet
243,4 Days ago,Live this moment,Lorem ipsum,dolor sit amet consectetur
244,2 Minutes ago,Lead by example,accusantium excepturi minus officia et reprehenderit,pe ab illum reiciendis neque eveniet unde
245,13 Days ago,Lead by example,consectetur adipisicing elit Unde autem,accusantium excepturi minus officia et reprehenderit
246,2 Minutes ago,Love unconditionally,veritatis earum blanditiis maiores fugiat,pe ab illum dolor sit amet consectetur
247,2 Minutes ago,Make mindfulnes,Lorem ipsum,esse praesentium
248,30 Minutes ago,Be kind,Labore quae iste,pe ab illum reiciendis neque eveniet unde
249,4 Days ago,See the goodness around me,Lorem ipsum,Hello lorem ipsum dolor sit amet
250,5 Days ago,Lead by example,Saepe ab illum perferendis.,Saepe ab illum perferendis
251,10 Days ago,Make someone smile every day,adipisicing elit. Nam dolorem hic?,illum dolorum omnis odit
252,8 Minutes ago,Make mindfulnes,Aperiam reiciendis neque eveniet unde,esse praesentium
253,1 Hour ago,Lead by example,adipisicing elit. Nam dolorem hic?,yabk labore quae iste
254,2 Hours ago,Love unconditionally,consectetur adipisicing elit Unde autem,Hello lorem ipsum dolor sit amet
255,30 Minutes ago,Live this moment,Lorem ipsum dolor sit amet,inventore ea illum nobis amet
256,13 Days ago,Be kind,Saepe ab illum perferendis.,pe ab illum esse praesentium
257,5 Days ago,Live this moment,Aperiam reiciendis neque eveniet unde,pe ab illum esse praesentium
258,1 Hour ago,Love unconditionally,dolorum omnis odit.,pe ab illum reiciendis neque eveniet unde
259,1 Hour ago,See the goodness around me,consectetur adipisicing elit Unde autem,accusantium excepturi minus officia et reprehenderit
260,8 Minutes ago,Make mindfulnes,dolorum omnis odit.,Saepe ab illum perferendis
261,10 Days ago,Be kind,Lorem ipsum,dolor sit amet consectetur
262,13 Days ago,Happiness naturally,dolorum omnis odit.,pe ab illum Saepe ab illum perferendis
263,1 Hour ago,Manifest,Labore quae iste,adipisicing elit Nam
264,5 Days ago,Lead by example,veritatis earum blanditiis maiores fugiat,Hello lorem ipsum dolor sit amet
265,13 Days ago,Manifest,Lorem ipsum dolor sit amet,reiciendis neque eveniet unde
266,30 Minutes ago,Be kind,dolorum omnis odit.,dolorum omnis odit
267,5 Days ago,Be kind,Aperiam reiciendis neque eveniet unde,pe ab illum esse praesentium
268,4 Days ago,Lead by example,dolor sit amet consectetur,Saepe ab illum perferendis
269,1 Hour ago,Forgive others and myself,accusantium excepturi minus officia et reprehenderit,Lorem ipsum
270,2 Minutes ago,Manifest,Magni inventore ea illum nobis amet,esse praesentium
271,13 Days ago,Be kind,veritatis earum blanditiis maiores fugiat,hai veritatis earum blanditiis maiores fugiat yahsdn
272,2 Hours ago,Love unconditionally,Lorem ipsum,Lorem ipsum
273,13 Days ago,Make someone smile every day,Magni inventore ea illum nobis amet,pe ab illum dolor sit amet consectetur
274,2 Hours ago,Manifest,consectetur adipisicing elit Unde autem,yabk labore quae iste
275,8 Minutes ago,Love unconditionally,consectetur adipisicing elit Unde autem,hai veritatis earum blanditiis maiores fugiat yahsdn
276,4 Days ago,Manifest,dolorum omnis odit.,pe ab illum Saepe ab illum perferendis
277,30 Minutes ago,Manifest,dolorum omnis odit.,accusantium excepturi minus officia et reprehenderit
278,4 Days ago,Manifest,dolorum omnis odit.,adipisicing elit Nam
279,8 Minutes ago,Manifest,consectetur adipisicing elit Unde autem,inventore ea illum nobis amet
280,30 Minutes ago,Love unconditionally,accusantium excepturi minus officia et reprehenderit,pe ab illum dolor sit amet consectetur
281,2 Hours ago,Make someone smile every day,Labore quae iste,accusantium excepturi minus officia et reprehenderit
282,30 Minutes ago,Live this moment,veritatis earum blanditiis maiores fugiat,pe ab illum reiciendis neque eveniet unde
283,1 Hour ago,Love unconditionally,Lorem ipsum,yabk labore quae iste
284,1 Hour ago,Live this moment,esse praesentium,yabk labore quae iste
285,8 Minutes ago,Love unconditionally,accusantium excepturi minus officia et reprehenderit,accusantium excepturi minus officia et reprehenderit
286,10 Days ago,Make someone smile every day,Lorem ipsum,adipisicing elit Nam
287,2 Hours ago,Make someone smile every day,accusantium excepturi minus officia et reprehenderit,jashd consectetur adipisicing elit autem
288,5 Days ago,Forgive others and myself,Magni inventore ea illum nobis amet,hai veritatis earum blanditiis maiores fugiat yahsdn
289,8 Minutes ago,Be kind,esse praesentium,Saepe ab illum perferendis
290,1 Hour ago,Forgive others and myself,dolor sit amet consectetur,Saepe ab illum perferendis
291,8 Minutes ago,Forgive others and myself,veniam atque officiis consequuntur pariatur?,Saepe ab illum perferendis
292,2 Minutes ago,Forgive others and myself,adipisicing elit. Nam dolorem hic?,pe ab illum reiciendis neque eveniet unde
293,5 Days ago,Make mindfulnes,Lorem ipsum,pe ab illum Saepe ab illum perferendis
294,2 Hours ago,Happiness naturally,veniam atque officiis consequuntur pariatur?,inventore ea illum nobis amet
295,5 Days ago,Make mindfulnes,Lorem ipsum,dolorum omnis odit
296,2 Minutes ago,Lead by example,veniam atque officiis consequuntur pariatur?,adipisicing elit Nam
297,8 Minutes ago,Happiness naturally,Magni inventore ea illum nobis amet,Lorem ipsum
298,1 Hour ago,Manifest,Magni inventore ea illum nobis amet,reiciendis neque eveniet unde
299,4 Days ago,Be kind,Lorem ipsum dolor sit amet,esse praesentium
300,30 Minutes ago,Lead by example,Aperiam reiciendis neque eveniet unde,inventore ea illum nobis amet
301,5 Days ago,Love unconditionally,veritatis earum blanditiis maiores fugiat,dolorum omnis odit
302,8 Minutes ago,Forgive others and myself,accusantium excepturi minus officia et reprehenderit,pe ab illum dolor sit amet consectetur
303,4 Days ago,Love unconditionally,adipisicing elit. Nam dolorem hic?,accusantium excepturi minus officia et reprehenderit
304,5 Days ago,Be kind,esse praesentium,yabk labore quae iste
305,10 Days ago,Forgive others and myself,Magni inventore ea illum nobis amet,dolorum omnis odit
306,5 Days ago,Make someone smile every day,Saepe ab illum perferendis.,Lorem ipsum
307,1 Hour ago,Manifest,Lorem ipsum dolor sit amet,dolor sit amet consectetur
308,10 Days ago,Manifest,consectetur adipisicing elit Unde autem,adipisicing elit Nam
309,8 Minutes ago,Live this moment,Saepe ab illum perferendis.,yabk labore quae iste
310,2 Hours ago,Make someone smile every day,Labore quae iste,esse praesentium
311,1 Hour ago,Love unconditionally,consectetur adipisicing elit Unde autem,jashd consectetur adipisicing elit autem
312,5 Days ago,Make someone smile every day,Lorem ipsum dolor sit amet,accusantium excepturi minus officia et reprehenderit
313,8 Minutes ago,See the goodness around me,Lorem ipsum dolor sit amet,inventore ea illum nobis amet
314,1 Hour ago,Make someone smile every day,Lorem ipsum dolor sit amet,adipisicing elit Nam
315,4 Days ago,Happiness naturally,veritatis earum blanditiis maiores fugiat,pe ab illum esse praesentium
316,5 Days ago,Love unconditionally,veniam atque officiis consequuntur pariatur?,reiciendis neque eveniet unde
317,5 Days ago,Lead by example,adipisicing elit. Nam dolorem hic?,hai veritatis earum blanditiis maiores fugiat yahsdn
318,1 Hour ago,Lead by example,veritatis earum blanditiis maiores fugiat,yabk labore quae iste
319,5 Days ago,Make someone smile every day,consectetur adipisicing elit Unde autem,reiciendis neque eveniet unde
320,13 Days ago,Forgive others and myself,dolor sit amet consectetur,Saepe ab illum perferendis
321,1 Hour ago,Happiness naturally,dolorum omnis odit.,dolorum omnis odit
322,2 Hours ago,Lead by example,consectetur adipisicing elit Unde autem,adipisicing elit Nam
323,30 Minutes ago,Live this moment,Aperiam reiciendis neque eveniet unde,Saepe ab illum perferendis
324,13 Days ago,Manifest,adipisicing elit. Nam dolorem hic?,pe ab illum esse praesentium
325,13 Days ago,Be kind,adipisicing elit. Nam dolorem hic?,Hello lorem ipsum dolor sit amet
326,8 Minutes ago,Live this moment,Aperiam reiciendis neque eveniet unde,yabk labore quae iste
327,4 Days ago,Make mindfulnes,Labore quae iste,inventore ea illum nobis amet
328,4 Days ago,Forgive others and myself,veniam atque officiis consequuntur pariatur?,yabk labore quae iste
329,2 Minutes ago,Lead by example,veritatis earum blanditiis maiores fugiat,Saepe ab illum perferendis
330,30 Minutes ago,Love unconditionally,Lorem ipsum dolor sit amet,yabk labore quae iste
331,5 Days ago,Manifest,adipisicing elit. Nam dolorem hic?,yabk labore quae iste
332,10 Days ago,Lead by example,esse praesentium,pe ab illum Saepe ab illum perferendis
333,4 Days ago,Make mindfulnes,Magni inventore ea illum nobis amet,reiciendis neque eveniet unde
334,2 Hours ago,Live this moment,Magni inventore ea illum nobis amet,yabk labore quae iste
335,10 Days ago,Live this moment,veniam atque officiis consequuntur pariatur?,hai veritatis earum blanditiis maiores fugiat yahsdn
336,10 Days ago,See the goodness around me,Saepe ab illum perferendis.,Lorem ipsum
337,30 Minutes ago,Live this moment,veniam atque officiis consequuntur pariatur?,Lorem ipsum
338,8 Minutes ago,Lead by example,dolor sit amet consectetur,Saepe ab illum perferendis
339,1 Hour ago,Happiness naturally,dolor sit amet consectetur,dolorum omnis odit
340,2 Hours ago,Live this moment,veritatis earum blanditiis maiores fugiat,dolor sit amet consectetur
341,10 Days ago,Happiness naturally,adipisicing elit. Nam dolorem hic?,reiciendis neque eveniet unde
342,1 Hour ago,Lead by example,Saepe ab illum perferendis.,Saepe ab illum perferendis
343,5 Days ago,Make someone smile every day,Aperiam reiciendis neque eveniet unde,dolorum omnis odit
344,5 Days ago,Make mindfulnes,esse praesentium,reiciendis neque eveniet unde
345,30 Minutes ago,Manifest,accusantium excepturi minus officia et reprehenderit,pe ab illum reiciendis neque eveniet unde
346,10 Days ago,Live this moment,accusantium excepturi minus officia et reprehenderit,illum dolorum omnis odit
347,2 Minutes ago,Be kind,Lorem ipsum,Saepe ab illum perferendis
348,5 Days ago,Make mindfulnes,adipisicing elit. Nam dolorem hic?,esse praesentium
349,5 Days ago,Be kind,dolor sit amet consectetur,inventore ea illum nobis amet
350,10 Days ago,See the goodness around me,dolorum omnis odit.,inventore ea illum nobis amet
351,1 Hour ago,Happiness naturally,Magni inventore ea illum nobis amet,accusantium excepturi minus officia et reprehenderit
352,2 Hours ago,Manifest,veritatis earum blanditiis maiores fugiat,accusantium excepturi minus officia et reprehenderit
353,30 Minutes ago,Be kind,dolorum omnis odit.,illum dolorum omnis odit
354,2 Minutes ago,Make mindfulnes,Lorem ipsum,pe ab illum dolor sit amet consectetur
355,4 Days ago,Manifest,consectetur adipisicing elit Unde autem,inventore ea illum nobis amet
356,2 Minutes ago,Make mindfulnes,esse praesentium,pe ab illum Saepe ab illum perferendis
357,8 Minutes ago,Manifest,Aperiam reiciendis neque eveniet unde,dolorum omnis odit
358,30 Minutes ago,Love unconditionally,Magni inventore ea illum nobis amet,pe ab illum esse praesentium
359,10 Days ago,Love unconditionally,accusantium excepturi minus officia et reprehenderit,inventore ea illum nobis amet
360,13 Days ago,Make someone smile every day,esse praesentium,adipisicing elit Nam
361,10 Days ago,Be kind,Aperiam reiciendis neque eveniet unde,reiciendis neque eveniet unde
362,8 Minutes ago,Love unconditionally,veniam atque officiis consequuntur pariatur?,Saepe ab illum perferendis
363,2 Minutes ago,Make mindfulnes,dolorum omnis odit.,Lorem ipsum
364,8 Minutes ago,Forgive others and myself,Lorem ipsum,pe ab illum esse praesentium
365,8 Minutes ago,Happiness naturally,dolor sit amet consectetur,reiciendis neque eveniet unde
366,13 Days ago,Manifest,adipisicing elit. Nam dolorem hic?,dolor sit amet consectetur
367,30 Minutes ago,Love unconditionally,dolor sit amet consectetur,Lorem ipsum
368,10 Days ago,Manifest,Saepe ab illum perferendis.,reiciendis neque eveniet unde
369,2 Minutes ago,Happiness naturally,veniam atque officiis consequuntur pariatur?,accusantium excepturi minus officia et reprehenderit
370,10 Days ago,Make someone smile every day,dolorum omnis odit.,pe ab illum reiciendis neque eveniet unde
371,30 Minutes ago,Make someone smile every day,dolor sit amet consectetur,Hello lorem ipsum dolor sit amet
372,13 Days ago,Manifest,veniam atque officiis consequuntur pariatur?,inventore ea illum nobis amet
373,4 Days ago,Be kind,dolor sit amet consectetur,esse praesentium
374,30 Minutes ago,Manifest,consectetur adipisicing elit Unde autem,dolor sit amet consectetur
375,13 Days ago,Make mindfulnes,veniam atque officiis consequuntur pariatur?,inventore ea illum nobis amet
376,1 Hour ago,See the goodness around me,Lorem ipsum,dolorum omnis odit
377,1 Hour ago,Forgive others and myself,Saepe ab illum perferendis.,accusantium excepturi minus officia et reprehenderit
378,2 Minutes ago,Live this moment,accusantium excepturi minus officia et reprehenderit,jashd consectetur adipisicing elit autem
379,30 Minutes ago,Make mindfulnes,Labore quae iste,pe ab illum esse praesentium
380,5 Days ago,See the goodness around me,dolorum omnis odit.,Lorem ipsum
381,10 Days ago,Be kind,veritatis earum blanditiis maiores fugiat,pe ab illum reiciendis neque eveniet unde
382,10 Days ago,Live this moment,Aperiam reiciendis neque eveniet unde,pe ab illum Saepe ab illum perferendis
383,2 Hours ago,Manifest,accusantium excepturi minus officia et reprehenderit,Hello lorem ipsum dolor sit amet
384,5 Days ago,Lead by example,adipisicing elit. Nam dolorem hic?,dolorum omnis odit
385,8 Minutes ago,See the goodness around me,Labore quae iste,Lorem ipsum
386,1 Hour ago,Make someone smile every day,Lorem ipsum dolor sit amet,illum dolorum omnis odit
387,30 Minutes ago,Be kind,veritatis earum blanditiis maiores fugiat,jashd consectetur adipisicing elit autem
388,10 Days ago,Forgive others and myself,Labore quae iste,inventore ea illum nobis amet
389,10 Days ago,Forgive others and myself,adipisicing elit. Nam dolorem hic?,dolor sit amet consectetur
390,8 Minutes ago,Live this moment,dolor sit amet consectetur,pe ab illum reiciendis neque eveniet unde
391,8 Minutes ago,Lead by example,Magni inventore ea illum nobis amet,reiciendis neque eveniet unde
392,2 Minutes ago,Live this moment,esse praesentium,dolor sit amet consectetur
393,1 Hour ago,Love unconditionally,Lorem ipsum,dolor sit amet consectetur
394,1 Hour ago,See the goodness around me,Aperiam reiciendis neque eveniet unde,esse praesentium
395,13 Days ago,Be kind,Saepe ab illum perferendis.,Hello lorem ipsum dolor sit amet
396,13 Days ago,Lead by example,esse praesentium,pe ab illum Saepe ab illum perferendis
397,13 Days ago,Lead by example,esse praesentium,Lorem ipsum
398,4 Days ago,Live this moment,Aperiam reiciendis neque eveniet unde,illum dolorum omnis odit
399,2 Hours ago,See the goodness around me,consectetur adipisicing elit Unde autem,accusantium excepturi minus officia et reprehenderit
400,8 Minutes ago,See the goodness around me,Labore quae iste,inventore ea illum nobis amet
401,2 Hours ago,Make mindfulnes,Labore quae iste,inventore ea illum nobis amet
402,30 Minutes ago,Make mindfulnes,veritatis earum blanditiis maiores fugiat,dolorum omnis odit
403,4 Days ago,Lead by example,adipisicing elit. Nam dolorem hic?,Lorem ipsum
404,5 Days ago,See the goodness around me,adipisicing elit. Nam dolorem hic?,Hello lorem ipsum dolor sit amet
405,10 Days ago,Make someone smile every day,veniam atque officiis consequuntur pariatur?,dolor sit amet consectetur
406,13 Days ago,See the goodness around me,Aperiam reiciendis neque eveniet unde,jashd consectetur adipisicing elit autem
407,8 Minutes ago,Happiness naturally,Magni inventore ea illum nobis amet,yabk labore quae iste
408,30 Minutes ago,Be kind,Lorem ipsum,pe ab illum esse praesentium
409,8 Minutes ago,Make mindfulnes,Aperiam reiciendis neque eveniet unde,Saepe ab illum perferendis
410,1 Hour ago,Make mindfulnes,veniam atque officiis consequuntur pariatur?,reiciendis neque eveniet unde
411,8 Minutes ago,Manifest,Magni inventore ea illum nobis amet,Lorem ipsum
412,2 Hours ago,Love unconditionally,esse praesentium,adipisicing elit Nam
413,1 Hour ago,Make mindfulnes,dolorum omnis odit.,yabk labore quae iste
414,8 Minutes ago,Manifest,adipisicing elit. Nam dolorem hic?,jashd consectetur adipisicing elit autem
415,4 Days ago,Forgive others and myself,dolorum omnis odit.,illum dolorum omnis odit
416,10 Days ago,Make someone smile every day,veritatis earum blanditiis maiores fugiat,jashd consectetur adipisicing elit autem
417,5 Days ago,Make mindfulnes,veniam atque officiis consequuntur pariatur?,Hello lorem ipsum dolor sit amet
418,2 Minutes ago,Make mindfulnes,veniam atque officiis consequuntur pariatur?,accusantium excepturi minus officia et reprehenderit
419,10 Days ago,Lead by example,esse praesentium,yabk labore quae iste
420,5 Days ago,Forgive others and myself,veritatis earum blanditiis maiores fugiat,yabk labore quae iste
421,2 Hours ago,Lead by example,Saepe ab illum perferendis.,dolor sit amet consectetur
422,2 Minutes ago,Love unconditionally,adipisicing elit. Nam dolorem hic?,hai veritatis earum blanditiis maiores fugiat yahsdn
423,8 Minutes ago,Make mindfulnes,Aperiam reiciendis neque eveniet unde,yabk labore quae iste
424,30 Minutes ago,Forgive others and myself,Magni inventore ea illum nobis amet,Hello lorem ipsum dolor sit amet
425,8 Minutes ago,Make mindfulnes,Aperiam reiciendis neque eveniet unde,reiciendis neque eveniet unde
426,10 Days ago,Love unconditionally,esse praesentium,Saepe ab illum perferendis
427,13 Days ago,Live this moment,dolorum omnis odit.,pe ab illum Saepe ab illum perferendis
428,5 Days ago,Live this moment,accusantium excepturi minus officia et reprehenderit,Hello lorem ipsum dolor sit amet
429,1 Hour ago,See the goodness around me,Magni inventore ea illum nobis amet,adipisicing elit Nam
430,5 Days ago,Love unconditionally,Aperiam reiciendis neque eveniet unde,illum dolorum omnis odit
431,2 Hours ago,Forgive others and myself,Aperiam reiciendis neque eveniet unde,yabk labore quae iste
432,5 Days ago,Lead by example,veritatis earum blanditiis maiores fugiat,Lorem ipsum
433,13 Days ago,Forgive others and myself,Lorem ipsum dolor sit amet,Lorem ipsum
434,5 Days ago,Forgive others and myself,consectetur adipisicing elit Unde autem,Lorem ipsum
435,13 Days ago,Make mindfulnes,Saepe ab illum perferendis.,adipisicing elit Nam
436,8 Minutes ago,Make mindfulnes,accusantium excepturi minus officia et reprehenderit,pe ab illum Saepe ab illum perferendis
437,2 Hours ago,See the goodness around me,consectetur adipisicing elit Unde autem,yabk labore quae iste
438,30 Minutes ago,Love unconditionally,veniam atque officiis consequuntur pariatur?,pe ab illum Saepe ab illum perferendis
439,5 Days ago,See the goodness around me,veniam atque officiis consequuntur pariatur?,pe ab illum dolor sit amet consectetur
440,2 Minutes ago,Be kind,veniam atque officiis consequuntur pariatur?,reiciendis neque eveniet unde
441,5 Days ago,Be kind,dolorum omnis odit.,pe ab illum reiciendis neque eveniet unde
442,2 Hours ago,Be kind,accusantium excepturi minus officia et reprehenderit,pe ab illum esse praesentium
443,30 Minutes ago,See the goodness around me,Aperiam reiciendis neque eveniet unde,Lorem ipsum
444,4 Days ago,Happiness naturally,esse praesentium,esse praesentium
445,30 Minutes ago,Manifest,Saepe ab illum perferendis.,pe ab illum esse praesentium
446,8 Minutes ago,Happiness naturally,Labore quae iste,Lorem ipsum
447,30 Minutes ago,Lead by example,consectetur adipisicing elit Unde autem,pe ab illum reiciendis neque eveniet unde
448,5 Days ago,Make someone smile every day,dolor sit amet consectetur,pe ab illum Saepe ab illum perferendis
449,2 Minutes ago,Be kind,accusantium excepturi minus officia et reprehenderit,Lorem ipsum
450,1 Hour ago,Be kind,Magni inventore ea illum nobis amet,adipisicing elit Nam
451,10 Days ago,Make mindfulnes,Lorem ipsum,reiciendis neque eveniet unde
452,30 Minutes ago,See the goodness around me,accusantium excepturi minus officia et reprehenderit,yabk labore quae iste
453,2 Minutes ago,Make mindfulnes,dolorum omnis odit.,pe ab illum reiciendis neque eveniet unde
454,1 Hour ago,Lead by example,dolor sit amet consectetur,yabk labore quae iste
455,5 Days ago,Lead by example,Labore quae iste,accusantium excepturi minus officia et reprehenderit
456,1 Hour ago,Make mindfulnes,esse praesentium,inventore ea illum nobis amet
457,2 Minutes ago,Make mindfulnes,Magni inventore ea illum nobis amet,dolorum omnis odit
458,1 Hour ago,Manifest,adipisicing elit. Nam dolorem hic?,reiciendis neque eveniet unde
459,13 Days ago,Forgive others and myself,Aperiam reiciendis neque eveniet unde,pe ab illum reiciendis neque eveniet unde
460,30 Minutes ago,Happiness naturally,dolor sit amet consectetur,adipisicing elit Nam
461,8 Minutes ago,Live this moment,dolor sit amet consectetur,jashd consectetur adipisicing elit autem
462,30 Minutes ago,Happiness naturally,Aperiam reiciendis neque eveniet unde,dolorum omnis odit
463,8 Minutes ago,Lead by example,Lorem ipsum dolor sit amet,yabk labore quae iste
464,1 Hour ago,Make someone smile every day,Labore quae iste,dolor sit amet consectetur
465,2 Hours ago,Make mindfulnes,consectetur adipisicing elit Unde autem,adipisicing elit Nam
466,4 Days ago,Be kind,esse praesentium,Hello lorem ipsum dolor sit amet
467,1 Hour ago,Be kind,veritatis earum blanditiis maiores fugiat,pe ab illum esse praesentium
468,30 Minutes ago,Live this moment,veniam atque officiis consequuntur pariatur?,accusantium excepturi minus officia et reprehenderit
469,13 Days ago,Live this moment,veniam atque officiis consequuntur pariatur?,pe ab illum reiciendis neque eveniet unde
470,8 Minutes ago,Live this moment,adipisicing elit. Nam dolorem hic?,reiciendis neque eveniet unde
471,5 Days ago,Live this moment,accusantium excepturi minus officia et reprehenderit,Lorem ipsum
472,5 Days ago,Love unconditionally,consectetur adipisicing elit Unde autem,jashd consectetur adipisicing elit autem
473,2 Minutes ago,Forgive others and myself,Lorem ipsum dolor sit amet,pe ab illum reiciendis neque eveniet unde
474,4 Days ago,Love unconditionally,veritatis earum blanditiis maiores fugiat,adipisicing elit Nam
475,13 Days ago,Forgive others and myself,Lorem ipsum,inventore ea illum nobis amet
476,4 Days ago,Happiness naturally,dolor sit amet consectetur,inventore ea illum nobis amet
477,5 Days ago,Live this moment,Lorem ipsum,inventore ea illum nobis amet
478,5 Days ago,Love unconditionally,Saepe ab illum perferendis.,pe ab illum reiciendis neque eveniet unde
479,10 Days ago,Happiness naturally,veniam atque officiis consequuntur pariatur?,Lorem ipsum
480,5 Days ago,Be kind,Aperiam reiciendis neque eveniet unde,Hello lorem ipsum dolor sit amet
481,5 Days ago,Live this moment,Aperiam reiciendis neque eveniet unde,esse praesentium
482,2 Minutes ago,Love unconditionally,esse praesentium,dolorum omnis odit
483,2 Minutes ago,Love unconditionally,Aperiam reiciendis neque eveniet unde,pe ab illum Saepe ab illum perferendis
484,10 Days ago,Lead by example,consectetur adipisicing elit Unde autem,inventore ea illum nobis amet
485,8 Minutes ago,Forgive others and myself,consectetur adipisicing elit Unde autem,yabk labore quae iste
486,2 Minutes ago,Forgive others and myself,dolor sit amet consectetur,reiciendis neque eveniet unde
487,8 Minutes ago,Make someone smile every day,Lorem ipsum dolor sit amet,adipisicing elit Nam
488,5 Days ago,Happiness naturally,Aperiam reiciendis neque eveniet unde,yabk labore quae iste
489,30 Minutes ago,Make someone smile every day,veritatis earum blanditiis maiores fugiat,dolorum omnis odit
490,5 Days ago,Forgive others and myself,Magni inventore ea illum nobis amet,Lorem ipsum
491,2 Minutes ago,Forgive others and myself,accusantium excepturi minus officia et reprehenderit,dolor sit amet consectetur
492,4 Days ago,Be kind,adipisicing elit. Nam dolorem hic?,illum dolorum omnis odit
493,30 Minutes ago,Forgive others and myself,esse praesentium,pe ab illum esse praesentium
494,2 Hours ago,Be kind,Magni inventore ea illum nobis amet,Lorem ipsum
495,10 Days ago,Make someone smile every day,veniam atque officiis consequuntur pariatur?,dolor sit amet consectetur
496,2 Minutes ago,See the goodness around me,Magni inventore ea illum nobis amet,inventore ea illum nobis amet
497,30 Minutes ago,Love unconditionally,veniam atque officiis consequuntur pariatur?,dolorum omnis odit
498,13 Days ago,Lead by example,adipisicing elit. Nam dolorem hic?,pe ab illum esse praesentium
499,2 Hours ago,Make someone smile every day,Magni inventore ea illum nobis amet,Saepe ab illum perferendis
500,13 Days ago,Forgive others and myself,Labore quae iste,dolor sit amet consectetur
501,5 Days ago,Make mindfulnes,dolorum omnis odit.,inventore ea illum nobis amet
502,4 Days ago,Manifest,Lorem ipsum,hai veritatis earum blanditiis maiores fugiat yahsdn
503,2 Minutes ago,Live this moment,dolorum omnis odit.,Saepe ab illum perferendis
504,2 Minutes ago,Live this moment,dolorum omnis odit.,reiciendis neque eveniet unde
505,10 Days ago,See the goodness around me,veritatis earum blanditiis maiores fugiat,pe ab illum Saepe ab illum perferendis
506,30 Minutes ago,See the goodness around me,adipisicing elit. Nam dolorem hic?,dolor sit amet consectetur
507,8 Minutes ago,See the goodness around me,Lorem ipsum,inventore ea illum nobis amet
508,5 Days ago,Be kind,esse praesentium,pe ab illum Saepe ab illum perferendis
509,30 Minutes ago,Forgive others and myself,Aperiam reiciendis neque eveniet unde,yabk labore quae iste
510,2 Minutes ago,Live this moment,veniam atque officiis consequuntur pariatur?,pe ab illum Saepe ab illum perferendis
511,30 Minutes ago,See the goodness around me,veniam atque officiis consequuntur pariatur?,dolor sit amet consectetur
512,2 Minutes ago,Happiness naturally,veniam atque officiis consequuntur pariatur?,inventore ea illum nobis amet
513,4 Days ago,See the goodness around me,adipisicing elit. Nam dolorem hic?,yabk labore quae iste
514,1 Hour ago,See the goodness around me,Magni inventore ea illum nobis amet,adipisicing elit Nam
515,1 Hour ago,Love unconditionally,esse praesentium,adipisicing elit Nam
516,2 Hours ago,See the goodness around me,veritatis earum blanditiis maiores fugiat,yabk labore quae iste
517,2 Hours ago,Love unconditionally,veniam atque officiis consequuntur pariatur?,yabk labore quae iste
518,2 Minutes ago,Live this moment,Aperiam reiciendis neque eveniet unde,pe ab illum Saepe ab illum perferendis
519,30 Minutes ago,Happiness naturally,Aperiam reiciendis neque eveniet unde,jashd consectetur adipisicing elit autem
520,13 Days ago,Make someone smile every day,accusantium excepturi minus officia et reprehenderit,inventore ea illum nobis amet
521,13 Days ago,Forgive others and myself,Lorem ipsum dolor sit amet,adipisicing elit Nam
522,5 Days ago,Live this moment,Saepe ab illum perferendis.,reiciendis neque eveniet unde
523,5 Days ago,Love unconditionally,Labore quae iste,inventore ea illum nobis amet
524,2 Minutes ago,Love unconditionally,esse praesentium,dolor sit amet consectetur
525,10 Days ago,Love unconditionally,dolorum omnis odit.,inventore ea illum nobis amet
526,4 Days ago,Make mindfulnes,dolorum omnis odit.,hai veritatis earum blanditiis maiores fugiat yahsdn
527,5 Days ago,Make someone smile every day,consectetur adipisicing elit Unde autem,pe ab illum Saepe ab illum perferendis
528,4 Days ago,Forgive others and myself,Lorem ipsum dolor sit amet,adipisicing elit Nam
529,30 Minutes ago,Lead by example,Labore quae iste,illum dolorum omnis odit
530,2 Hours ago,Make mindfulnes,dolor sit amet consectetur,Hello lorem ipsum dolor sit amet
531,13 Days ago,Lead by example,esse praesentium,pe ab illum dolor sit amet consectetur
532,30 Minutes ago,Happiness naturally,dolorum omnis odit.,hai veritatis earum blanditiis maiores fugiat yahsdn
533,13 Days ago,Manifest,adipisicing elit. Nam dolorem hic?,adipisicing elit Nam
534,13 Days ago,Forgive others and myself,Lorem ipsum dolor sit amet,pe ab illum esse praesentium
535,2 Minutes ago,See the goodness around me,dolor sit amet consectetur,yabk labore quae iste
536,30 Minutes ago,Make someone smile every day,dolorum omnis odit.,reiciendis neque eveniet unde
537,2 Hours ago,Forgive others and myself,Aperiam reiciendis neque eveniet unde,hai veritatis earum blanditiis maiores fugiat yahsdn
538,2 Minutes ago,Make mindfulnes,dolor sit amet consectetur,reiciendis neque eveniet unde
539,2 Minutes ago,Love unconditionally,adipisicing elit. Nam dolorem hic?,Lorem ipsum
540,2 Hours ago,Make mindfulnes,Lorem ipsum,pe ab illum esse praesentium
541,2 Hours ago,Love unconditionally,dolorum omnis odit.,adipisicing elit Nam
542,4 Days ago,Lead by example,Lorem ipsum,adipisicing elit Nam
543,2 Minutes ago,Forgive others and myself,accusantium excepturi minus officia et reprehenderit,inventore ea illum nobis amet
544,8 Minutes ago,Live this moment,dolorum omnis odit.,Hello lorem ipsum dolor sit amet
545,2 Minutes ago,Forgive others and myself,adipisicing elit. Nam dolorem hic?,pe ab illum esse praesentium
546,2 Hours ago,Be kind,Labore quae iste,Lorem ipsum
547,10 Days ago,Make someone smile every day,Magni inventore ea illum nobis amet,inventore ea illum nobis amet
548,1 Hour ago,Lead by example,Lorem ipsum dolor sit amet,pe ab illum reiciendis neque eveniet unde
549,13 Days ago,Happiness naturally,accusantium excepturi minus officia et reprehenderit,dolor sit amet consectetur
550,30 Minutes ago,Be kind,Aperiam reiciendis neque eveniet unde,illum dolorum omnis odit
551,4 Days ago,Happiness naturally,Magni inventore ea illum nobis amet,accusantium excepturi minus officia et reprehenderit
552,2 Minutes ago,Make mindfulnes,Saepe ab illum perferendis.,dolor sit amet consectetur
553,5 Days ago,See the goodness around me,Aperiam reiciendis neque eveniet unde,dolorum omnis odit
554,10 Days ago,See the goodness around me,Saepe ab illum perferendis.,jashd consectetur adipisicing elit autem
555,2 Minutes ago,Be kind,Aperiam reiciendis neque eveniet unde,inventore ea illum nobis amet
556,2 Minutes ago,Lead by example,veniam atque officiis consequuntur pariatur?,Lorem ipsum
557,10 Days ago,See the goodness around me,veniam atque officiis consequuntur pariatur?,Lorem ipsum
558,10 Days ago,See the goodness around me,Labore quae iste,pe ab illum dolor sit amet consectetur
559,2 Minutes ago,Forgive others and myself,veritatis earum blanditiis maiores fugiat,accusantium excepturi minus officia et reprehenderit
560,5 Days ago,Live this moment,dolor sit amet consectetur,yabk labore quae iste
561,2 Hours ago,Make someone smile every day,esse praesentium,Lorem ipsum
562,5 Days ago,Live this moment,Saepe ab illum perferendis.,dolorum omnis odit
563,10 Days ago,Be kind,dolor sit amet consectetur,accusantium excepturi minus officia et reprehenderit
564,2 Hours ago,Lead by example,accusantium excepturi minus officia et reprehenderit,pe ab illum reiciendis neque eveniet unde
565,10 Days ago,Make someone smile every day,accusantium excepturi minus officia et reprehenderit,dolor sit amet consectetur
566,10 Days ago,Make mindfulnes,accusantium excepturi minus officia et reprehenderit,adipisicing elit Nam
567,2 Hours ago,Make someone smile every day,veniam atque officiis consequuntur pariatur?,pe ab illum dolor sit amet consectetur
568,13 Days ago,Be kind,esse praesentium,yabk labore quae iste
569,5 Days ago,Love unconditionally,Lorem ipsum,pe ab illum reiciendis neque eveniet unde
570,4 Days ago,Forgive others and myself,consectetur adipisicing elit Unde autem,illum dolorum omnis odit
571,10 Days ago,Love unconditionally,dolorum omnis odit.,esse praesentium
572,4 Days ago,Happiness naturally,consectetur adipisicing elit Unde autem,hai veritatis earum blanditiis maiores fugiat yahsdn
573,10 Days ago,See the goodness around me,Saepe ab illum perferendis.,adipisicing elit Nam
574,10 Days ago,Forgive others and myself,esse praesentium,pe ab illum esse praesentium
575,8 Minutes ago,Be kind,esse praesentium,jashd consectetur adipisicing elit autem
576,4 Days ago,Manifest,dolor sit amet consectetur,Saepe ab illum perferendis
577,8 Minutes ago,Happiness naturally,Aperiam reiciendis neque eveniet unde,accusantium excepturi minus officia et reprehenderit
578,13 Days ago,See the goodness around me,accusantium excepturi minus officia et reprehenderit,Lorem ipsum
579,10 Days ago,Live this moment,adipisicing elit. Nam dolorem hic?,Lorem ipsum
580,8 Minutes ago,Make someone smile every day,veritatis earum blanditiis maiores fugiat,pe ab illum esse praesentium
581,5 Days ago,Lead by example,Aperiam reiciendis neque eveniet unde,illum dolorum omnis odit
582,4 Days ago,See the goodness around me,Labore quae iste,Lorem ipsum
583,13 Days ago,Live this moment,dolor sit amet consectetur,Saepe ab illum perferendis
584,8 Minutes ago,Happiness naturally,consectetur adipisicing elit Unde autem,pe ab illum esse praesentium
585,2 Hours ago,Love unconditionally,Lorem ipsum dolor sit amet,Hello lorem ipsum dolor sit amet
586,2 Hours ago,Make someone smile every day,Lorem ipsum,pe ab illum reiciendis neque eveniet unde
587,2 Hours ago,Make mindfulnes,Aperiam reiciendis neque eveniet unde,Lorem ipsum
588,5 Days ago,Love unconditionally,dolor sit amet consectetur,dolor sit amet consectetur
589,8 Minutes ago,Make someone smile every day,esse praesentium,reiciendis neque eveniet unde
590,8 Minutes ago,Be kind,dolorum omnis odit.,inventore ea illum nobis amet
591,2 Hours ago,Lead by example,esse praesentium,esse praesentium
592,13 Days ago,Happiness naturally,Lorem ipsum,reiciendis neque eveniet unde
593,8 Minutes ago,Happiness naturally,veniam atque officiis consequuntur pariatur?,pe ab illum reiciendis neque eveniet unde
594,2 Hours ago,Love unconditionally,esse praesentium,yabk labore quae iste
595,10 Days ago,Forgive others and myself,esse praesentium,illum dolorum omnis odit
596,8 Minutes ago,Make someone smile every day,Labore quae iste,adipisicing elit Nam
597,13 Days ago,Make mindfulnes,consectetur adipisicing elit Unde autem,hai veritatis earum blanditiis maiores fugiat yahsdn
598,4 Days ago,Forgive others and myself,dolor sit amet consectetur,yabk labore quae iste
599,5 Days ago,Make mindfulnes,veritatis earum blanditiis maiores fugiat,yabk labore quae iste
600,13 Days ago,Make mindfulnes,dolorum omnis odit.,hai veritatis earum blanditiis maiores fugiat yahsdn
601,2 Hours ago,Manifest,esse praesentium,jashd consectetur adipisicing elit autem
602,1 Hour ago,Happiness naturally,Aperiam reiciendis neque eveniet unde,dolor sit amet consectetur
603,5 Days ago,Manifest,veritatis earum blanditiis maiores fugiat,Hello lorem ipsum dolor sit amet
604,8 Minutes ago,Forgive others and myself,veniam atque officiis consequuntur pariatur?,pe ab illum Saepe ab illum perferendis
605,13 Days ago,Make mindfulnes,Saepe ab illum perferendis.,esse praesentium
606,1 Hour ago,Love unconditionally,Aperiam reiciendis neque eveniet unde,inventore ea illum nobis amet
607,30 Minutes ago,See the goodness around me,consectetur adipisicing elit Unde autem,pe ab illum dolor sit amet consectetur
608,4 Days ago,Forgive others and myself,veniam atque officiis consequuntur pariatur?,illum dolorum omnis odit
609,2 Minutes ago,Live this moment,veritatis earum blanditiis maiores fugiat,Lorem ipsum
610,30 Minutes ago,Lead by example,esse praesentium,Saepe ab illum perferendis
611,13 Days ago,Manifest,Lorem ipsum dolor sit amet,adipisicing elit Nam
612,2 Minutes ago,Live this moment,Aperiam reiciendis neque eveniet unde,pe ab illum Saepe ab illum perferendis
613,4 Days ago,See the goodness around me,Aperiam reiciendis neque eveniet unde,inventore ea illum nobis amet
614,2 Hours ago,Happiness naturally,veniam atque officiis consequuntur pariatur?,illum dolorum omnis odit
615,2 Hours ago,Lead by example,veritatis earum blanditiis maiores fugiat,esse praesentium
616,5 Days ago,Lead by example,veniam atque officiis consequuntur pariatur?,pe ab illum Saepe ab illum perferendis
617,8 Minutes ago,Forgive others and myself,Magni inventore ea illum nobis amet,Saepe ab illum perferendis
618,13 Days ago,Forgive others and myself,Lorem ipsum dolor sit amet,adipisicing elit Nam
619,1 Hour ago,Manifest,Aperiam reiciendis neque eveniet unde,pe ab illum dolor sit amet consectetur
620,8 Minutes ago,Lead by example,Saepe ab illum perferendis.,Saepe ab illum perferendis
621,2 Minutes ago,Make someone smile every day,Labore quae iste,dolorum omnis odit
622,2 Minutes ago,Love unconditionally,dolorum omnis odit.,hai veritatis earum blanditiis maiores fugiat yahsdn
623,5 Days ago,Be kind,accusantium excepturi minus officia et reprehenderit,reiciendis neque eveniet unde
624,5 Days ago,Happiness naturally,consectetur adipisicing elit Unde autem,Saepe ab illum perferendis
625,10 Days ago,Make mindfulnes,Magni inventore ea illum nobis amet,adipisicing elit Nam
626,2 Minutes ago,Love unconditionally,Magni inventore ea illum nobis amet,dolor sit amet consectetur
627,1 Hour ago,Happiness naturally,Saepe ab illum perferendis.,dolorum omnis odit
628,5 Days ago,Make mindfulnes,esse praesentium,Saepe ab illum perferendis
629,1 Hour ago,Live this moment,esse praesentium,adipisicing elit Nam
630,4 Days ago,Live this moment,Lorem ipsum dolor sit amet,pe ab illum Saepe ab illum perferendis
631,2 Minutes ago,Love unconditionally,esse praesentium,pe ab illum Saepe ab illum perferendis
632,4 Days ago,Love unconditionally,dolorum omnis odit.,hai veritatis earum blanditiis maiores fugiat yahsdn
633,2 Minutes ago,Happiness naturally,dolorum omnis odit.,esse praesentium
634,8 Minutes ago,See the goodness around me,dolorum omnis odit.,pe ab illum dolor sit amet consectetur
635,4 Days ago,Love unconditionally,veniam atque officiis consequuntur pariatur?,Lorem ipsum
636,10 Days ago,Forgive others and myself,accusantium excepturi minus officia et reprehenderit,inventore ea illum nobis amet
637,13 Days ago,Lead by example,Lorem ipsum dolor sit amet,hai veritatis earum blanditiis maiores fugiat yahsdn
638,2 Hours ago,See the goodness around me,veniam atque officiis consequuntur pariatur?,illum dolorum omnis odit
639,13 Days ago,Manifest,dolorum omnis odit.,adipisicing elit Nam
640,30 Minutes ago,See the goodness around me,Magni inventore ea illum nobis amet,dolor sit amet consectetur
641,2 Minutes ago,Manifest,Lorem ipsum dolor sit amet,jashd consectetur adipisicing elit autem
642,4 Days ago,Be kind,adipisicing elit. Nam dolorem hic?,pe ab illum esse praesentium
643,30 Minutes ago,Be kind,Labore quae iste,pe ab illum dolor sit amet consectetur
644,5 Days ago,Make mindfulnes,adipisicing elit. Nam dolorem hic?,jashd consectetur adipisicing elit autem
645,8 Minutes ago,Happiness naturally,dolor sit amet consectetur,dolor sit amet consectetur
646,30 Minutes ago,Make mindfulnes,esse praesentium,pe ab illum esse praesentium
647,8 Minutes ago,Manifest,adipisicing elit. Nam dolorem hic?,illum dolorum omnis odit
648,10 Days ago,Manifest,Lorem ipsum,adipisicing elit Nam
649,2 Hours ago,Love unconditionally,Magni inventore ea illum nobis amet,Lorem ipsum
650,5 Days ago,Love unconditionally,Lorem ipsum,Lorem ipsum
651,8 Minutes ago,Forgive others and myself,veniam atque officiis consequuntur pariatur?,Saepe ab illum perferendis
652,13 Days ago,Lead by example,veniam atque officiis consequuntur pariatur?,pe ab illum reiciendis neque eveniet unde
653,8 Minutes ago,Manifest,accusantium excepturi minus officia et reprehenderit,pe ab illum Saepe ab illum perferendis
654,2 Minutes ago,Forgive others and myself,adipisicing elit. Nam dolorem hic?,pe ab illum dolor sit amet consectetur
655,2 Hours ago,Make mindfulnes,Lorem ipsum dolor sit amet,hai veritatis earum blanditiis maiores fugiat yahsdn
656,5 Days ago,Be kind,Magni inventore ea illum nobis amet,pe ab illum reiciendis neque eveniet unde
657,2 Minutes ago,Make someone smile every day,accusantium excepturi minus officia et reprehenderit,reiciendis neque eveniet unde
658,1 Hour ago,Be kind,adipisicing elit. Nam dolorem hic?,adipisicing elit Nam
659,30 Minutes ago,Love unconditionally,veritatis earum blanditiis maiores fugiat,Saepe ab illum perferendis
660,1 Hour ago,Forgive others and myself,dolor sit amet consectetur,pe ab illum reiciendis neque eveniet unde
661,10 Days ago,Manifest,dolorum omnis odit.,dolorum omnis odit
662,13 Days ago,Make someone smile every day,esse praesentium,yabk labore quae iste
663,10 Days ago,See the goodness around me,consectetur adipisicing elit Unde autem,hai veritatis earum blanditiis maiores fugiat yahsdn
664,2 Hours ago,Love unconditionally,consectetur adipisicing elit Unde autem,dolorum omnis odit
665,8 Minutes ago,Happiness naturally,veritatis earum blanditiis maiores fugiat,pe ab illum dolor sit amet consectetur
666,1 Hour ago,Make mindfulnes,Magni inventore ea illum nobis amet,inventore ea illum nobis amet
667,13 Days ago,Love unconditionally,Aperiam reiciendis neque eveniet unde,esse praesentium
668,30 Minutes ago,Manifest,Saepe ab illum perferendis.,Lorem ipsum
669,4 Days ago,Be kind,dolor sit amet consectetur,pe ab illum Saepe ab illum perferendis
670,8 Minutes ago,Make mindfulnes,esse praesentium,inventore ea illum nobis amet
671,2 Hours ago,See the goodness around me,consectetur adipisicing elit Unde autem,yabk labore quae iste
672,5 Days ago,Make someone smile every day,veniam atque officiis consequuntur pariatur?,pe ab illum esse praesentium
673,10 Days ago,Be kind,adipisicing elit. Nam dolorem hic?,adipisicing elit Nam
674,2 Minutes ago,Make someone smile every day,consectetur adipisicing elit Unde autem,adipisicing elit Nam
675,2 Minutes ago,Forgive others and myself,accusantium excepturi minus officia et reprehenderit,pe ab illum Saepe ab illum perferendis
676,13 Days ago,Live this moment,consectetur adipisicing elit Unde autem,adipisicing elit Nam
677,10 Days ago,Live this moment,veritatis earum blanditiis maiores fugiat,Lorem ipsum
678,8 Minutes ago,Be kind,esse praesentium,pe ab illum esse praesentium
679,10 Days ago,Make someone smile every day,consectetur adipisicing elit Unde autem,adipisicing elit Nam
680,30 Minutes ago,Happiness naturally,dolor sit amet consectetur,pe ab illum Saepe ab illum perferendis
681,30 Minutes ago,Manifest,Aperiam reiciendis neque eveniet unde,Lorem ipsum
682,13 Days ago,See the goodness around me,consectetur adipisicing elit Unde autem,pe ab illum Saepe ab illum perferendis
683,8 Minutes ago,Make someone smile every day,Aperiam reiciendis neque eveniet unde,adipisicing elit Nam
684,30 Minutes ago,Live this moment,consectetur adipisicing elit Unde autem,Hello lorem ipsum dolor sit amet
685,4 Days ago,Love unconditionally,dolor sit amet consectetur,adipisicing elit Nam
686,13 Days ago,Love unconditionally,dolorum omnis odit.,adipisicing elit Nam
687,1 Hour ago,See the goodness around me,adipisicing elit. Nam dolorem hic?,pe ab illum dolor sit amet consectetur
688,8 Minutes ago,See the goodness around me,Magni inventore ea illum nobis amet,esse praesentium
689,30 Minutes ago,Make someone smile every day,dolorum omnis odit.,adipisicing elit Nam
690,4 Days ago,Happiness naturally,Lorem ipsum dolor sit amet,adipisicing elit Nam
691,8 Minutes ago,Happiness naturally,Aperiam reiciendis neque eveniet unde,hai veritatis earum blanditiis maiores fugiat yahsdn
692,13 Days ago,Love unconditionally,dolor sit amet consectetur,reiciendis neque eveniet unde
693,30 Minutes ago,Love unconditionally,Saepe ab illum perferendis.,Hello lorem ipsum dolor sit amet
694,2 Minutes ago,Love unconditionally,Magni inventore ea illum nobis amet,hai veritatis earum blanditiis maiores fugiat yahsdn
695,10 Days ago,Live this moment,veritatis earum blanditiis maiores fugiat,Lorem ipsum
696,13 Days ago,Make someone smile every day,veritatis earum blanditiis maiores fugiat,Hello lorem ipsum dolor sit amet
697,2 Hours ago,Make someone smile every day,dolorum omnis odit.,dolor sit amet consectetur
698,5 Days ago,See the goodness around me,Lorem ipsum dolor sit amet,adipisicing elit Nam
699,10 Days ago,Manifest,Lorem ipsum dolor sit amet,yabk labore quae iste
700,8 Minutes ago,Lead by example,accusantium excepturi minus officia et reprehenderit,inventore ea illum nobis amet
701,13 Days ago,Manifest,Saepe ab illum perferendis.,adipisicing elit Nam
702,8 Minutes ago,Manifest,dolor sit amet consectetur,inventore ea illum nobis amet
703,2 Minutes ago,Forgive others and myself,accusantium excepturi minus officia et reprehenderit,pe ab illum esse praesentium
704,1 Hour ago,Forgive others and myself,dolor sit amet consectetur,dolorum omnis odit
705,2 Hours ago,Lead by example,dolorum omnis odit.,yabk labore quae iste
706,13 Days ago,Make someone smile every day,adipisicing elit. Nam dolorem hic?,adipisicing elit Nam
707,2 Minutes ago,Happiness naturally,consectetur adipisicing elit Unde autem,Lorem ipsum
708,8 Minutes ago,Forgive others and myself,Saepe ab illum perferendis.,Hello lorem ipsum dolor sit amet
709,2 Minutes ago,Happiness naturally,Aperiam reiciendis neque eveniet unde,hai veritatis earum blanditiis maiores fugiat yahsdn
710,8 Minutes ago,Make mindfulnes,Aperiam reiciendis neque eveniet unde,hai veritatis earum blanditiis maiores fugiat yahsdn
711,13 Days ago,Make mindfulnes,adipisicing elit. Nam dolorem hic?,yabk labore quae iste
712,13 Days ago,Manifest,veritatis earum blanditiis maiores fugiat,pe ab illum dolor sit amet consectetur
713,2 Minutes ago,Make mindfulnes,Saepe ab illum perferendis.,inventore ea illum nobis amet
714,4 Days ago,Manifest,accusantium excepturi minus officia et reprehenderit,pe ab illum reiciendis neque eveniet unde
715,13 Days ago,Forgive others and myself,adipisicing elit. Nam dolorem hic?,Lorem ipsum
716,1 Hour ago,Live this moment,Saepe ab illum perferendis.,Lorem ipsum
717,2 Hours ago,See the goodness around me,Saepe ab illum perferendis.,Lorem ipsum
718,13 Days ago,Make someone smile every day,dolor sit amet consectetur,hai veritatis earum blanditiis maiores fugiat yahsdn
719,10 Days ago,Love unconditionally,veritatis earum blanditiis maiores fugiat,accusantium excepturi minus officia et reprehenderit
720,1 Hour ago,Make mindfulnes,Labore quae iste,dolorum omnis odit
721,4 Days ago,Live this moment,consectetur adipisicing elit Unde autem,Lorem ipsum
722,2 Hours ago,Forgive others and myself,dolor sit amet consectetur,adipisicing elit Nam
723,2 Minutes ago,Happiness naturally,consectetur adipisicing elit Unde autem,pe ab illum reiciendis neque eveniet unde
724,2 Minutes ago,Love unconditionally,esse praesentium,reiciendis neque eveniet unde
725,1 Hour ago,Happiness naturally,Aperiam reiciendis neque eveniet unde,Hello lorem ipsum dolor sit amet
726,1 Hour ago,Make mindfulnes,veniam atque officiis consequuntur pariatur?,yabk labore quae iste
727,1 Hour ago,Lead by example,adipisicing elit. Nam dolorem hic?,pe ab illum Saepe ab illum perferendis
728,8 Minutes ago,Manifest,veritatis earum blanditiis maiores fugiat,pe ab illum Saepe ab illum perferendis
729,1 Hour ago,Manifest,Lorem ipsum dolor sit amet,yabk labore quae iste
730,1 Hour ago,Be kind,consectetur adipisicing elit Unde autem,adipisicing elit Nam
731,2 Minutes ago,Forgive others and myself,Magni inventore ea illum nobis amet,Saepe ab illum perferendis
732,5 Days ago,Be kind,adipisicing elit. Nam dolorem hic?,jashd consectetur adipisicing elit autem
733,2 Minutes ago,Make mindfulnes,adipisicing elit. Nam dolorem hic?,esse praesentium
734,4 Days ago,Love unconditionally,dolor sit amet consectetur,jashd consectetur adipisicing elit autem
735,5 Days ago,Live this moment,Saepe ab illum perferendis.,Lorem ipsum
736,1 Hour ago,Be kind,veritatis earum blanditiis maiores fugiat,Saepe ab illum perferendis
737,8 Minutes ago,Make someone smile every day,Lorem ipsum,Lorem ipsum
738,2 Hours ago,Forgive others and myself,veritatis earum blanditiis maiores fugiat,Lorem ipsum
739,2 Minutes ago,See the goodness around me,dolor sit amet consectetur,yabk labore quae iste
740,2 Minutes ago,See the goodness around me,accusantium excepturi minus officia et reprehenderit,dolorum omnis odit
741,5 Days ago,Live this moment,Saepe ab illum perferendis.,accusantium excepturi minus officia et reprehenderit
742,30 Minutes ago,See the goodness around me,adipisicing elit. Nam dolorem hic?,reiciendis neque eveniet unde
743,30 Minutes ago,Make mindfulnes,accusantium excepturi minus officia et reprehenderit,pe ab illum Saepe ab illum perferendis
744,8 Minutes ago,Be kind,Lorem ipsum dolor sit amet,adipisicing elit Nam
745,13 Days ago,Live this moment,veritatis earum blanditiis maiores fugiat,adipisicing elit Nam
746,10 Days ago,Love unconditionally,Magni inventore ea illum nobis amet,hai veritatis earum blanditiis maiores fugiat yahsdn
747,5 Days ago,Love unconditionally,veniam atque officiis consequuntur pariatur?,pe ab illum esse praesentium
748,1 Hour ago,See the goodness around me,dolor sit amet consectetur,reiciendis neque eveniet unde
749,1 Hour ago,Lead by example,accusantium excepturi minus officia et reprehenderit,inventore ea illum nobis amet
750,13 Days ago,Live this moment,veritatis earum blanditiis maiores fugiat,Saepe ab illum perferendis
751,2 Hours ago,Make mindfulnes,accusantium excepturi minus officia et reprehenderit,pe ab illum esse praesentium
752,8 Minutes ago,Happiness naturally,Saepe ab illum perferendis.,pe ab illum esse praesentium
753,10 Days ago,Make someone smile every day,veritatis earum blanditiis maiores fugiat,dolor sit amet consectetur
754,30 Minutes ago,Live this moment,dolorum omnis odit.,accusantium excepturi minus officia et reprehenderit
755,2 Hours ago,Make someone smile every day,veniam atque officiis consequuntur pariatur?,Saepe ab illum perferendis
756,2 Minutes ago,Happiness naturally,dolorum omnis odit.,accusantium excepturi minus officia et reprehenderit
757,8 Minutes ago,Forgive others and myself,Magni inventore ea illum nobis amet,reiciendis neque eveniet unde
758,5 Days ago,Forgive others and myself,Lorem ipsum,adipisicing elit Nam
759,4 Days ago,See the goodness around me,dolor sit amet consectetur,esse praesentium
760,2 Hours ago,Happiness naturally,accusantium excepturi minus officia et reprehenderit,dolor sit amet consectetur
761,4 Days ago,Lead by example,Saepe ab illum perferendis.,dolorum omnis odit
762,4 Days ago,Lead by example,adipisicing elit. Nam dolorem hic?,jashd consectetur adipisicing elit autem
763,1 Hour ago,Lead by example,Lorem ipsum dolor sit amet,esse praesentium
764,10 Days ago,Love unconditionally,adipisicing elit. Nam dolorem hic?,inventore ea illum nobis amet
765,4 Days ago,Lead by example,Lorem ipsum,dolorum omnis odit
766,2 Hours ago,Live this moment,consectetur adipisicing elit Unde autem,accusantium excepturi minus officia et reprehenderit
767,10 Days ago,Be kind,Lorem ipsum dolor sit amet,reiciendis neque eveniet unde
768,4 Days ago,See the goodness around me,esse praesentium,yabk labore quae iste
769,1 Hour ago,Make someone smile every day,esse praesentium,dolorum omnis odit
770,1 Hour ago,Be kind,Lorem ipsum dolor sit amet,Lorem ipsum
771,30 Minutes ago,See the goodness around me,accusantium excepturi minus officia et reprehenderit,Saepe ab illum perferendis
772,8 Minutes ago,Make someone smile every day,consectetur adipisicing elit Unde autem,yabk labore quae iste
773,1 Hour ago,Make mindfulnes,dolorum omnis odit.,pe ab illum Saepe ab illum perferendis
774,4 Days ago,Lead by example,accusantium excepturi minus officia et reprehenderit,reiciendis neque eveniet unde
775,13 Days ago,Happiness naturally,adipisicing elit. Nam dolorem hic?,pe ab illum dolor sit amet consectetur
776,10 Days ago,Lead by example,Labore quae iste,illum dolorum omnis odit
777,8 Minutes ago,Make someone smile every day,Aperiam reiciendis neque eveniet unde,adipisicing elit Nam
778,10 Days ago,Make mindfulnes,esse praesentium,pe ab illum reiciendis neque eveniet unde
779,2 Hours ago,Live this moment,Labore quae iste,pe ab illum dolor sit amet consectetur
780,5 Days ago,Live this moment,Saepe ab illum perferendis.,hai veritatis earum blanditiis maiores fugiat yahsdn
781,10 Days ago,See the goodness around me,Lorem ipsum dolor sit amet,pe ab illum Saepe ab illum perferendis
782,13 Days ago,Love unconditionally,Magni inventore ea illum nobis amet,inventore ea illum nobis amet
783,2 Minutes ago,Forgive others and myself,veniam atque officiis consequuntur pariatur?,pe ab illum reiciendis neque eveniet unde
784,8 Minutes ago,Make someone smile every day,Lorem ipsum,Lorem ipsum
785,1 Hour ago,Love unconditionally,Lorem ipsum dolor sit amet,Lorem ipsum
786,2 Hours ago,Forgive others and myself,veritatis earum blanditiis maiores fugiat,yabk labore quae iste
787,4 Days ago,Make mindfulnes,consectetur adipisicing elit Unde autem,Lorem ipsum
788,13 Days ago,Manifest,accusantium excepturi minus officia et reprehenderit,illum dolorum omnis odit
789,8 Minutes ago,Forgive others and myself,veniam atque officiis consequuntur pariatur?,pe ab illum Saepe ab illum perferendis
790,10 Days ago,Lead by example,dolorum omnis odit.,reiciendis neque eveniet unde
791,2 Minutes ago,Lead by example,adipisicing elit. Nam dolorem hic?,esse praesentium
792,2 Minutes ago,Be kind,dolorum omnis odit.,yabk labore quae iste
793,2 Minutes ago,Live this moment,Labore quae iste,pe ab illum esse praesentium
794,5 Days ago,Happiness naturally,accusantium excepturi minus officia et reprehenderit,Hello lorem ipsum dolor sit amet
795,4 Days ago,Love unconditionally,accusantium excepturi minus officia et reprehenderit,dolor sit amet consectetur
796,10 Days ago,See the goodness around me,Aperiam reiciendis neque eveniet unde,jashd consectetur adipisicing elit autem
797,4 Days ago,Manifest,esse praesentium,yabk labore quae iste
798,30 Minutes ago,Make mindfulnes,Labore quae iste,pe ab illum dolor sit amet consectetur
799,1 Hour ago,Lead by example,dolor sit amet consectetur,yabk labore quae iste
800,8 Minutes ago,Make mindfulnes,veniam atque officiis consequuntur pariatur?,hai veritatis earum blanditiis maiores fugiat yahsdn
801,2 Hours ago,Make someone smile every day,dolorum omnis odit.,Lorem ipsum
802,13 Days ago,Be kind,accusantium excepturi minus officia et reprehenderit,Lorem ipsum
803,2 Hours ago,Live this moment,Aperiam reiciendis neque eveniet unde,yabk labore quae iste
804,2 Hours ago,Be kind,veritatis earum blanditiis maiores fugiat,inventore ea illum nobis amet
805,4 Days ago,Love unconditionally,Magni inventore ea illum nobis amet,illum dolorum omnis odit
806,5 Days ago,Make someone smile every day,Magni inventore ea illum nobis amet,pe ab illum Saepe ab illum perferendis
807,8 Minutes ago,Make mindfulnes,Lorem ipsum dolor sit amet,yabk labore quae iste
808,8 Minutes ago,Be kind,dolorum omnis odit.,Hello lorem ipsum dolor sit amet
809,4 Days ago,Make someone smile every day,Saepe ab illum perferendis.,dolor sit amet consectetur
810,2 Minutes ago,Love unconditionally,Lorem ipsum dolor sit amet,inventore ea illum nobis amet
811,1 Hour ago,Live this moment,dolorum omnis odit.,adipisicing elit Nam
812,5 Days ago,Lead by example,dolorum omnis odit.,esse praesentium
813,1 Hour ago,Love unconditionally,Magni inventore ea illum nobis amet,dolor sit amet consectetur
814,1 Hour ago,Lead by example,Aperiam reiciendis neque eveniet unde,Lorem ipsum
815,2 Minutes ago,Forgive others and myself,veniam atque officiis consequuntur pariatur?,reiciendis neque eveniet unde
816,8 Minutes ago,Manifest,Aperiam reiciendis neque eveniet unde,pe ab illum reiciendis neque eveniet unde
817,30 Minutes ago,Be kind,accusantium excepturi minus officia et reprehenderit,reiciendis neque eveniet unde
818,5 Days ago,See the goodness around me,Saepe ab illum perferendis.,pe ab illum reiciendis neque eveniet unde
819,4 Days ago,Lead by example,Aperiam reiciendis neque eveniet unde,yabk labore quae iste
820,5 Days ago,Happiness naturally,Saepe ab illum perferendis.,Hello lorem ipsum dolor sit amet
821,30 Minutes ago,Live this moment,Lorem ipsum,jashd consectetur adipisicing elit autem
822,2 Minutes ago,Lead by example,dolor sit amet consectetur,jashd consectetur adipisicing elit autem
823,1 Hour ago,Be kind,Lorem ipsum,Lorem ipsum
824,10 Days ago,Make someone smile every day,dolorum omnis odit.,jashd consectetur adipisicing elit autem
825,30 Minutes ago,Love unconditionally,dolorum omnis odit.,Lorem ipsum
826,1 Hour ago,Manifest,dolor sit amet consectetur,adipisicing elit Nam
827,4 Days ago,Manifest,Saepe ab illum perferendis.,pe ab illum Saepe ab illum perferendis
828,5 Days ago,Love unconditionally,veritatis earum blanditiis maiores fugiat,adipisicing elit Nam
829,1 Hour ago,Happiness naturally,Lorem ipsum dolor sit amet,yabk labore quae iste
830,2 Hours ago,Manifest,dolorum omnis odit.,Lorem ipsum
831,13 Days ago,Lead by example,dolorum omnis odit.,yabk labore quae iste
832,10 Days ago,Love unconditionally,Labore quae iste,accusantium excepturi minus officia et reprehenderit
833,2 Hours ago,See the goodness around me,Lorem ipsum dolor sit amet,hai veritatis earum blanditiis maiores fugiat yahsdn
834,5 Days ago,See the goodness around me,Saepe ab illum perferendis.,pe ab illum dolor sit amet consectetur
835,2 Hours ago,Make someone smile every day,Labore quae iste,esse praesentium
836,30 Minutes ago,Live this moment,veritatis earum blanditiis maiores fugiat,reiciendis neque eveniet unde
837,30 Minutes ago,Make someone smile every day,Labore quae iste,adipisicing elit Nam
838,13 Days ago,Forgive others and myself,dolor sit amet consectetur,illum dolorum omnis odit
839,30 Minutes ago,Manifest,dolorum omnis odit.,dolorum omnis odit
840,2 Minutes ago,Lead by example,consectetur adipisicing elit Unde autem,hai veritatis earum blanditiis maiores fugiat yahsdn
841,13 Days ago,Live this moment,Labore quae iste,jashd consectetur adipisicing elit autem
842,5 Days ago,Manifest,dolorum omnis odit.,inventore ea illum nobis amet
843,1 Hour ago,Be kind,dolorum omnis odit.,accusantium excepturi minus officia et reprehenderit
844,8 Minutes ago,Forgive others and myself,esse praesentium,Lorem ipsum
845,30 Minutes ago,Forgive others and myself,Lorem ipsum dolor sit amet,adipisicing elit Nam
846,13 Days ago,Live this moment,Lorem ipsum dolor sit amet,Saepe ab illum perferendis
847,13 Days ago,Make mindfulnes,Labore quae iste,esse praesentium
848,2 Minutes ago,Make someone smile every day,accusantium excepturi minus officia et reprehenderit,pe ab illum dolor sit amet consectetur
849,1 Hour ago,Lead by example,Labore quae iste,pe ab illum Saepe ab illum perferendis
850,2 Hours ago,See the goodness around me,Lorem ipsum,illum dolorum omnis odit
851,2 Hours ago,Forgive others and myself,Aperiam reiciendis neque eveniet unde,dolorum omnis odit
852,10 Days ago,Make mindfulnes,Saepe ab illum perferendis.,pe ab illum dolor sit amet consectetur
853,30 Minutes ago,Live this moment,Aperiam reiciendis neque eveniet unde,adipisicing elit Nam
854,10 Days ago,Make mindfulnes,veniam atque officiis consequuntur pariatur?,yabk labore quae iste
855,13 Days ago,Live this moment,veniam atque officiis consequuntur pariatur?,yabk labore quae iste
856,4 Days ago,Make mindfulnes,Aperiam reiciendis neque eveniet unde,pe ab illum reiciendis neque eveniet unde
857,1 Hour ago,Love unconditionally,Magni inventore ea illum nobis amet,inventore ea illum nobis amet
858,8 Minutes ago,See the goodness around me,Aperiam reiciendis neque eveniet unde,yabk labore quae iste
859,2 Hours ago,Love unconditionally,Lorem ipsum dolor sit amet,adipisicing elit Nam
860,1 Hour ago,Lead by example,consectetur adipisicing elit Unde autem,adipisicing elit Nam
861,2 Minutes ago,Be kind,veritatis earum blanditiis maiores fugiat,dolor sit amet consectetur
862,2 Minutes ago,Love unconditionally,dolorum omnis odit.,esse praesentium
863,10 Days ago,Manifest,veritatis earum blanditiis maiores fugiat,adipisicing elit Nam
864,2 Minutes ago,Happiness naturally,accusantium excepturi minus officia et reprehenderit,hai veritatis earum blanditiis maiores fugiat yahsdn
865,2 Minutes ago,Be kind,Lorem ipsum,illum dolorum omnis odit
866,2 Minutes ago,See the goodness around me,Magni inventore ea illum nobis amet,reiciendis neque eveniet unde
867,2 Hours ago,Be kind,esse praesentium,dolor sit amet consectetur
868,10 Days ago,See the goodness around me,Lorem ipsum,pe ab illum reiciendis neque eveniet unde
869,8 Minutes ago,See the goodness around me,Lorem ipsum dolor sit amet,yabk labore quae iste
870,13 Days ago,Lead by example,Aperiam reiciendis neque eveniet unde,accusantium excepturi minus officia et reprehenderit
871,4 Days ago,Love unconditionally,esse praesentium,yabk labore quae iste
872,13 Days ago,Happiness naturally,esse praesentium,Lorem ipsum
873,5 Days ago,Love unconditionally,Lorem ipsum dolor sit amet,Saepe ab illum perferendis
874,5 Days ago,Lead by example,Lorem ipsum dolor sit amet,adipisicing elit Nam
875,30 Minutes ago,Lead by example,adipisicing elit. Nam dolorem hic?,inventore ea illum nobis amet
876,5 Days ago,Love unconditionally,consectetur adipisicing elit Unde autem,dolor sit amet consectetur
877,10 Days ago,Love unconditionally,dolorum omnis odit.,Lorem ipsum
878,30 Minutes ago,See the goodness around me,veritatis earum blanditiis maiores fugiat,reiciendis neque eveniet unde
879,8 Minutes ago,Make someone smile every day,dolorum omnis odit.,illum dolorum omnis odit
880,10 Days ago,Be kind,dolor sit amet consectetur,pe ab illum Saepe ab illum perferendis
881,5 Days ago,Lead by example,veniam atque officiis consequuntur pariatur?,illum dolorum omnis odit
882,2 Minutes ago,Make someone smile every day,accusantium excepturi minus officia et reprehenderit,Lorem ipsum
883,13 Days ago,Make mindfulnes,dolor sit amet consectetur,Hello lorem ipsum dolor sit amet
884,2 Hours ago,Live this moment,accusantium excepturi minus officia et reprehenderit,pe ab illum esse praesentium
885,4 Days ago,Be kind,accusantium excepturi minus officia et reprehenderit,dolorum omnis odit
886,5 Days ago,Forgive others and myself,adipisicing elit. Nam dolorem hic?,adipisicing elit Nam
887,10 Days ago,Love unconditionally,Labore quae iste,jashd consectetur adipisicing elit autem
888,2 Minutes ago,Happiness naturally,Lorem ipsum dolor sit amet,yabk labore quae iste
889,30 Minutes ago,Make someone smile every day,adipisicing elit. Nam dolorem hic?,jashd consectetur adipisicing elit autem
890,2 Minutes ago,Live this moment,accusantium excepturi minus officia et reprehenderit,Saepe ab illum perferendis
891,1 Hour ago,Manifest,accusantium excepturi minus officia et reprehenderit,Saepe ab illum perferendis
892,5 Days ago,See the goodness around me,Lorem ipsum dolor sit amet,pe ab illum esse praesentium
893,5 Days ago,Manifest,adipisicing elit. Nam dolorem hic?,pe ab illum dolor sit amet consectetur
894,10 Days ago,Happiness naturally,Labore quae iste,illum dolorum omnis odit
895,2 Minutes ago,Love unconditionally,dolor sit amet consectetur,Lorem ipsum
896,2 Minutes ago,Be kind,adipisicing elit. Nam dolorem hic?,pe ab illum esse praesentium
897,2 Hours ago,Live this moment,Aperiam reiciendis neque eveniet unde,yabk labore quae iste
898,30 Minutes ago,Manifest,adipisicing elit. Nam dolorem hic?,Lorem ipsum
899,2 Hours ago,Manifest,Magni inventore ea illum nobis amet,hai veritatis earum blanditiis maiores fugiat yahsdn
900,5 Days ago,Forgive others and myself,Saepe ab illum perferendis.,adipisicing elit Nam
901,2 Minutes ago,See the goodness around me,esse praesentium,dolor sit amet consectetur
902,1 Hour ago,Make someone smile every day,Labore quae iste,Hello lorem ipsum dolor sit amet
903,13 Days ago,Happiness naturally,veritatis earum blanditiis maiores fugiat,adipisicing elit Nam
904,2 Minutes ago,Lead by example,Magni inventore ea illum nobis amet,jashd consectetur adipisicing elit autem
905,30 Minutes ago,See the goodness around me,Magni inventore ea illum nobis amet,esse praesentium
906,10 Days ago,Manifest,veniam atque officiis consequuntur pariatur?,illum dolorum omnis odit
907,10 Days ago,Be kind,esse praesentium,Saepe ab illum perferendis
908,30 Minutes ago,See the goodness around me,Saepe ab illum perferendis.,hai veritatis earum blanditiis maiores fugiat yahsdn
909,13 Days ago,Make someone smile every day,accusantium excepturi minus officia et reprehenderit,illum dolorum omnis odit
910,1 Hour ago,Be kind,dolorum omnis odit.,Saepe ab illum perferendis
911,2 Hours ago,Forgive others and myself,dolor sit amet consectetur,dolor sit amet consectetur
912,2 Minutes ago,Make mindfulnes,Lorem ipsum dolor sit amet,inventore ea illum nobis amet
913,4 Days ago,See the goodness around me,Magni inventore ea illum nobis amet,pe ab illum Saepe ab illum perferendis
914,4 Days ago,Make mindfulnes,Saepe ab illum perferendis.,Hello lorem ipsum dolor sit amet
915,13 Days ago,Live this moment,Lorem ipsum dolor sit amet,inventore ea illum nobis amet
916,5 Days ago,See the goodness around me,Lorem ipsum,Saepe ab illum perferendis
917,1 Hour ago,Lead by example,Magni inventore ea illum nobis amet,inventore ea illum nobis amet
918,30 Minutes ago,Make someone smile every day,Lorem ipsum dolor sit amet,yabk labore quae iste
919,4 Days ago,Live this moment,veniam atque officiis consequuntur pariatur?,esse praesentium
920,30 Minutes ago,Make mindfulnes,Labore quae iste,Lorem ipsum
921,4 Days ago,See the goodness around me,Magni inventore ea illum nobis amet,Hello lorem ipsum dolor sit amet
922,5 Days ago,Make someone smile every day,Labore quae iste,hai veritatis earum blanditiis maiores fugiat yahsdn
923,13 Days ago,Happiness naturally,Lorem ipsum dolor sit amet,hai veritatis earum blanditiis maiores fugiat yahsdn
924,8 Minutes ago,Be kind,veritatis earum blanditiis maiores fugiat,Lorem ipsum
925,13 Days ago,Live this moment,accusantium excepturi minus officia et reprehenderit,hai veritatis earum blanditiis maiores fugiat yahsdn
926,13 Days ago,Lead by example,accusantium excepturi minus officia et reprehenderit,pe ab illum dolor sit amet consectetur
927,13 Days ago,Love unconditionally,accusantium excepturi minus officia et reprehenderit,pe ab illum Saepe ab illum perferendis
928,10 Days ago,Happiness naturally,consectetur adipisicing elit Unde autem,dolorum omnis odit
929,8 Minutes ago,Be kind,Aperiam reiciendis neque eveniet unde,inventore ea illum nobis amet
930,8 Minutes ago,Manifest,Labore quae iste,yabk labore quae iste
931,2 Hours ago,See the goodness around me,dolorum omnis odit.,pe ab illum dolor sit amet consectetur
932,5 Days ago,Forgive others and myself,consectetur adipisicing elit Unde autem,pe ab illum dolor sit amet consectetur
933,2 Minutes ago,Be kind,Magni inventore ea illum nobis amet,yabk labore quae iste
934,2 Minutes ago,Make mindfulnes,Aperiam reiciendis neque eveniet unde,inventore ea illum nobis amet
935,30 Minutes ago,Live this moment,Aperiam reiciendis neque eveniet unde,dolorum omnis odit
936,8 Minutes ago,Live this moment,Lorem ipsum,hai veritatis earum blanditiis maiores fugiat yahsdn
937,4 Days ago,See the goodness around me,veniam atque officiis consequuntur pariatur?,pe ab illum esse praesentium
938,13 Days ago,Manifest,consectetur adipisicing elit Unde autem,illum dolorum omnis odit
939,1 Hour ago,Make someone smile every day,Magni inventore ea illum nobis amet,yabk labore quae iste
940,4 Days ago,Manifest,veniam atque officiis consequuntur pariatur?,reiciendis neque eveniet unde
941,5 Days ago,See the goodness around me,veritatis earum blanditiis maiores fugiat,yabk labore quae iste
942,4 Days ago,See the goodness around me,adipisicing elit. Nam dolorem hic?,inventore ea illum nobis amet
943,13 Days ago,Make someone smile every day,adipisicing elit. Nam dolorem hic?,jashd consectetur adipisicing elit autem
944,2 Hours ago,See the goodness around me,Aperiam reiciendis neque eveniet unde,inventore ea illum nobis amet
945,5 Days ago,Manifest,adipisicing elit. Nam dolorem hic?,inventore ea illum nobis amet
946,8 Minutes ago,Manifest,Saepe ab illum perferendis.,yabk labore quae iste
947,4 Days ago,Manifest,Labore quae iste,Saepe ab illum perferendis
948,5 Days ago,Forgive others and myself,accusantium excepturi minus officia et reprehenderit,pe ab illum Saepe ab illum perferendis
949,30 Minutes ago,See the goodness around me,Saepe ab illum perferendis.,pe ab illum reiciendis neque eveniet unde
950,4 Days ago,Happiness naturally,accusantium excepturi minus officia et reprehenderit,reiciendis neque eveniet unde
951,10 Days ago,Make mindfulnes,Labore quae iste,pe ab illum esse praesentium
952,4 Days ago,Happiness naturally,Lorem ipsum dolor sit amet,dolor sit amet consectetur
953,2 Hours ago,Be kind,accusantium excepturi minus officia et reprehenderit,pe ab illum esse praesentium
954,5 Days ago,Manifest,dolor sit amet consectetur,accusantium excepturi minus officia et reprehenderit
955,4 Days ago,Be kind,Aperiam reiciendis neque eveniet unde,reiciendis neque eveniet unde
956,4 Days ago,Live this moment,adipisicing elit. Nam dolorem hic?,esse praesentium
957,13 Days ago,Happiness naturally,dolor sit amet consectetur,esse praesentium
958,13 Days ago,Love unconditionally,consectetur adipisicing elit Unde autem,jashd consectetur adipisicing elit autem
959,2 Hours ago,Lead by example,accusantium excepturi minus officia et reprehenderit,inventore ea illum nobis amet
960,10 Days ago,Lead by example,accusantium excepturi minus officia et reprehenderit,illum dolorum omnis odit
961,5 Days ago,Love unconditionally,Saepe ab illum perferendis.,inventore ea illum nobis amet
962,4 Days ago,Manifest,esse praesentium,esse praesentium
963,10 Days ago,Forgive others and myself,accusantium excepturi minus officia et reprehenderit,yabk labore quae iste
964,2 Minutes ago,Lead by example,adipisicing elit. Nam dolorem hic?,esse praesentium
965,10 Days ago,Live this moment,Lorem ipsum dolor sit amet,adipisicing elit Nam
966,30 Minutes ago,Make someone smile every day,veritatis earum blanditiis maiores fugiat,inventore ea illum nobis amet
967,10 Days ago,Make mindfulnes,Saepe ab illum perferendis.,hai veritatis earum blanditiis maiores fugiat yahsdn
968,4 Days ago,Lead by example,veniam atque officiis consequuntur pariatur?,pe ab illum dolor sit amet consectetur
969,1 Hour ago,Love unconditionally,Magni inventore ea illum nobis amet,pe ab illum reiciendis neque eveniet unde
970,1 Hour ago,Live this moment,dolorum omnis odit.,adipisicing elit Nam
971,4 Days ago,Lead by example,Saepe ab illum perferendis.,Saepe ab illum perferendis
972,5 Days ago,Forgive others and myself,Saepe ab illum perferendis.,pe ab illum Saepe ab illum perferendis
973,2 Minutes ago,Live this moment,veritatis earum blanditiis maiores fugiat,adipisicing elit Nam
974,5 Days ago,See the goodness around me,dolorum omnis odit.,inventore ea illum nobis amet
975,13 Days ago,Lead by example,veritatis earum blanditiis maiores fugiat,Lorem ipsum
976,2 Hours ago,Be kind,accusantium excepturi minus officia et reprehenderit,hai veritatis earum blanditiis maiores fugiat yahsdn
977,2 Minutes ago,Lead by example,Saepe ab illum perferendis.,inventore ea illum nobis amet
978,8 Minutes ago,Be kind,accusantium excepturi minus officia et reprehenderit,dolor sit amet consectetur
979,5 Days ago,Forgive others and myself,esse praesentium,inventore ea illum nobis amet
980,30 Minutes ago,Manifest,accusantium excepturi minus officia et reprehenderit,pe ab illum Saepe ab illum perferendis
981,13 Days ago,Forgive others and myself,Saepe ab illum perferendis.,pe ab illum Saepe ab illum perferendis
982,8 Minutes ago,Love unconditionally,dolor sit amet consectetur,Saepe ab illum perferendis
983,4 Days ago,Manifest,adipisicing elit. Nam dolorem hic?,adipisicing elit Nam
984,13 Days ago,Be kind,dolorum omnis odit.,jashd consectetur adipisicing elit autem
985,4 Days ago,Live this moment,veritatis earum blanditiis maiores fugiat,Hello lorem ipsum dolor sit amet
986,2 Hours ago,Manifest,dolorum omnis odit.,adipisicing elit Nam
987,5 Days ago,Lead by example,Aperiam reiciendis neque eveniet unde,Lorem ipsum
988,1 Hour ago,Be kind,accusantium excepturi minus officia et reprehenderit,adipisicing elit Nam
989,1 Hour ago,See the goodness around me,adipisicing elit. Nam dolorem hic?,pe ab illum Saepe ab illum perferendis
990,10 Days ago,Make mindfulnes,adipisicing elit. Nam dolorem hic?,adipisicing elit Nam
991,13 Days ago,Happiness naturally,veniam atque officiis consequuntur pariatur?,inventore ea illum nobis amet
992,8 Minutes ago,See the goodness around me,dolorum omnis odit.,yabk labore quae iste
993,4 Days ago,Lead by example,consectetur adipisicing elit Unde autem,dolor sit amet consectetur
994,30 Minutes ago,Forgive others and myself,Lorem ipsum,reiciendis neque eveniet unde
995,1 Hour ago,Be kind,esse praesentium,adipisicing elit Nam
996,2 Minutes ago,Love unconditionally,dolorum omnis odit.,accusantium excepturi minus officia et reprehenderit
997,4 Days ago,Love unconditionally,accusantium excepturi minus officia et reprehenderit,pe ab illum reiciendis neque eveniet unde
998,4 Days ago,Happiness naturally,consectetur adipisicing elit Unde autem,Saepe ab illum perferendis
999,8 Minutes ago,Manifest,veniam atque officiis consequuntur pariatur?,jashd consectetur adipisicing elit autem
1000,4 Days ago,Make someone smile every day,veniam atque officiis consequuntur pariatur?,reiciendis neque eveniet unde
